title,artist
"Swing Low, Sweet Chariot",Fisk University Jubilee Quartet
I've Got Rings on My Fingers,Jule Styne
Moonstruck,Gertie Millar
Yip-I-Addy-I-Ay,George Grossmith Jr.
Bring Me a Rose,Phyllis Dare
The Jocular Joker,George H. Chirgwin
That Wasn't All!,Ralph Herz
Beautiful Isle of Somewhere,Harold Jarvis
"No News, Or What Killed the Dog",Nat M. Wills
Take Me Out To The Ball Game,Edward Meeker
The Glow-Worm,Lucy Marsh
Are You Sincere?,Elise Stevenson
Adam & Eve,Grace Cameron
As Long as the World Rolls On,Reinald Werrenrath
Nini Peau D'chien,Aristide Bruant
I Know a Lovely Garden,Derek Oldman
Maple Leaf Rag,United States Marine Band
Take Me Back to New York Town,Harry Tally
By The Side of The Zuyder Zee,Gerald Adams
Rose in The Bud,Eleanor Hudson
The Bird on Nellie's Hat,Helen Trix
Casey at the Bat,DeWolf Hopper
Here it Comes Again,Mother Misery
Give My Regards to Leicester Square,Victoria Monks
On the Rocky Road to Dublin,The Dubliners
I Want What I Want When I Want It,George Alexander
There Never was a Girl Like You,James McCool
Peaches 'n' Cream,Len Spencer
The Pipes of Pan,Winnie Melville
Cigarette,Robert Tear
If Those Lips could Only Speak,George Baker
Amor Perdido,Patapio Silva
I Can't Do My Bally Bottom Button Up,Ernie Mayne
Meet Me in St Louis,St. Louis Ragtimers
Bedelia,Arthur Pryor's Band
A Bird in a Gilded Cage,Hamilton Hill
The Rosary,William H. Thompson
Hiawatha,Columbia Orchestra
Corta Jaca,Pepa Delgado
The Entertainer,Scott Joplin
Land of Hope & Glory,Edna Thornton
In the Good Old Summer Time,William M. Redmond
"Any Old Place I Hang My Hat is Home, Sweet Home To Me",Will F. Denny
Knocked 'Em in The Old Kent Road,Jack Morrison (2)
"Good-Bye, Dolly Gray",Delta Big Four
Whip-Poor-Will Song,Joe Belmont
The Laughing Song,George Washington Johnson
I Want to Be a Military Man,Louis Bradfield
Ma Tiger Lily,Peerless Orchestra
If it Wasn't For The 'Ouses in Between,Gus Elen
My Wild Irish Rose,Harry Magee
San Francisco Sadie,Mustard Plug
A Night Trip to Buffalo,American Quartet
Soldiers of The Queen,Arthur Christian
Le Trottoir De L'exposition,Polin
I'm Forever Blowing Bubbles,Ben Selvin and His Orchestra
That Old Fashioned Mother of Mine,Ernest Pike
Till We Meet Again,Nicholas Orlando's Orchestra
Beautiful Ohio,Waldorf-Astoria Dance Orchestra
Poor Little Butterfly (Is a Fly Gal Now),Belle Baker
How Ya Gonna Keep 'Em Down on the Farm (After They've Seen Paree),Harry Fay
Chong,Columbia Saxophone Sextette
Don't Have Any More Mrs Moore,Lily Morris
Kentucky Dreams,Yerkes' S. S. Flotilla Orchestra
That Tumble-Down Shack in Athlone,Sterling Trio
What Do You Want to Make?,Harry Weldon
I Want a Girl,Dorothy Ward
"If He Can Fight Like He Can Love (Good Night, Germany)",Farber Sisters
For Me & My Gal,Van Eps Trio
The Star Spangled Banner,Francis Scott Key
I Passed By Your Window,Walter Glynne
Listen to the Lambs,Hampton Quartette
Pack Up Your Troubles in Your Old Kit Bag,Knickerbocker Quartet
Love Will Find a Way,Josie Collins
Vagalume Sorrindo,Grupo Caxangá
Smiles & Chuckles,Six Brown Brothers
Pretty Baby,Billy Rocka
America,Columbia Mixed Double Quartette
Turn Back the Universe & Give Me Yesterday,Orpheus Quartet
Everybody's Crazy On The Foxtrot,Walter Jeffries
Birds in the Night (A Lullaby),Sophie Braslau
If I Knock the 'L' Out of Kelly (It Would Still be Kelly to Me),Marguerite Farrell
Aida - Celeste Aida,Hipólito Lázaro
Caraboo,Os Geraldos
"All I Want is a Cottage, Some Roses, & You",Geoffrey O'Hara
At the End of a Beautiful Day,Elizabeth Wheeler
"Hello, Frisco!",Olive Kline
"Apanhei-te, Cavaquinho",Grupo O Passos No Choro
I Didn't Raise My Boy to Be a Soldier,Morton Harvey
"A Little Bit of Heaven (Shure, They Call it Ireland)",George Macfarlane
Serenade: Spanish Dance No 2,Pablo Casals
Oh Come All ye Faithful,John MacNally
Here We Are Again,Debroy Somers Band
Are We Downhearted? No!,Harrison Latimer
Cohen on the Telephone,Joe Hayman
Gilbert The Filbert,Basil Hallam
You've Got Your Mother's Big Blue Eyes,Marguerite Dunlap
When We've Wound Up The Watch On The Rhine,Violet Loraine
I Was a Good Little Girl 'till I Met You,Clarice Mayne
When You Wore a Tulip & I Wore a Big Red Rose,John Fahey
The Road to Mandalay,Frank Croxton
Recorda-te de Mim,Orestes De Matos
"Come Down, Ma Ev'ning Star",Lillian Russell
Who Were You With Last Night?,Mark Sheridan
Amor Ingrato,Neco
Moonlight Bay,Dolly Connolly
"I'm Shy Mary Ellen, I'm Shy",Jack Pleasants
Let Me Stay & Live in Dixieland,Charles E. King
The Photo of The Girl I Left Behind,Billy Merson
Dor Suprema,J.F. de Almeida
Perfect Day,Cecil Fanning
Alexander's ragtime band,Billy Taylor
Baiana dos Pasteis,Eduardo & Risoleta
America the Beautiful,Louise Homer
Don't Go Down The Mine,Stanley Kirby
Where the River Shannon Flows,Harry McClaskey
Tony From America,Columbia Light Opera Company
You Ain't Talking to Me,Eddie Morton
Ginger You're Barmy,Harry Champion
Molly O'Morgan,Ella Retford
Pony Blues,Charley Patton
Pagan Love Song,Bob Haring & His Orchestra
Gosto Que Me Enrosco,Dudu Nobre
Little Orphan Annie,Coon‐Sanders’ Original Nighthawk Orchestra
Breakaway,Arnold Johnson And His Orchestra
Strike Up the Band,"Victor Arden, Phil Ohman & Their Orchestra"
I Lift Up My Finger & I Say Tweet Tweet,Stanley Lupino
New Orleans Shout,King Oliver
Wildwood Flower,The Carter Family
Pinetop's Boogie Woogie,Clarence “Pine Top” Smith
Mack the Knife,Bertolt Brecht
Allons a Lafayette,Cléoma Falcon
Bill,Helen Morgan
Statesboro Blues,Blind Willie McTell
"How Long, How Long Blues",Leroy Carr
Frankie,Mississippi John Hurt
Lovesick Blues,Emmett Miller & His Georgia Crackers
"Sweet Sue, Just You",Georges Metaxa
Bolero,Maurice Ravel
Casey Jones,Furry Lewis
"Stealin', Stealin'",Memphis Jug Band
Fashionette,Harold Collins & his Orchestra
Singin' the Blues,Frankie Trumbauer
"Dark Was the Night, Cold Was the Ground",Blind Willie Johnson
Russian Lullaby,Roger Wolfe Kahn and His Orchestra
Matchbox Blues,Blind Lemon Jefferson
"Two Black Crows, Parts 1 & 2 (The Early Bird Catches The Worm)",Moran and Mack
Pan American Blues,DeFord Bailey
Dance Under the Willows,Pawlo Humeniuk
The Peanut Vendor,Rita Montaner
Are You Lonesome Tonight?,Vaughn DeLeath
My Heart Stood Still,Paul Whiteman and His Concert Orchestra
"Gimme a Lil' Kiss, Will Ya, Huh?",Jack Smith
Breezin' Along With the Breeze,Johnny Marvin
Come On Boys Lets Do That Messin' Around,Blind Blake
"Chua, Chua",Fernando Saunders
Ave Maria,Pedro Celestino Montenegro
Turkey In De Straw,Gid Tanner & His Skillet Lickers
Bird Song At Eventide,Henry Hall & His Orchestra
She Knows Her Onions,The Happiness Boys
See See Rider Blues,Ma Rainey
The Titanic,Ernest Stoneman
All Alone,Paul Sanchez
Les Roses Blanches,Berthe Sylva
When Sergeant Major's On Parade,Cyril Normand
Charleston,Golden Gate Orchestra
Don't Let Your Deal Go Down,Charlie Poole
Ogo-Pogo,Savoy Havana band
Dinah,The Revelers
"Honey, I'm in Love With You",Paul Immanuel Owens
Charleston,Savoy Orpheans
Rhapsody in Blue,George Gershwin
Charleston,Arthur Gibbs and His Gang
It Ain't Gonna Rain No Mo',Wendell Hall
The Second Minuet,Webster Booth
Keep My Skillet Good & Greasy,Uncle Dave Macon
Deep In My Heart,Franklyn Baur
T'ain't Nobody's Business If I Do,Clarence Williams
Pasadena,Bert Firman
Rose Marie,Paul Fisher
I Want to Be Happy,Vincent Youmans
Bobbed Haired Bobby,Arcadian Serenaders
Yes! We Have No Bananas,"William Reese ""Billy"" Jones"
Dreamy Melody,Art Landry & His Orchestra
St Louis Blues,W.C. Handy
Tristezas do Jeca,Orquestra Brasil-América
Horsey Keep Your Tail Up,Melville Gideon
Orly's Creole Trombone,Kid Ory
(I Wish I Could) Shimmy Like My Sister Kate,The Virginians
Carolina in the Morning,Marion Williams
Borboleta Nao & Ave,Baiano
I Belong to Glasgow,Will Fyffe
(I Wish I Could) Shimmy Like My Sister Kate,The Georgians
Wolverine Blues,Gene Rodemich’s Orchestra
Mr Gallagher & Mr Shean,Ed Gallagher & Al Shean
Sheik of Araby,Ray Miller and His Orchestra
My Word You Do Look Queer,Ernest Hastings
The Sheik,Club Royal Orchestra
Rose of The Rio Grande,IV 'Bud' Sheppard
Lonesome Mama Blues,Mamie Smith and Her Jazz Hounds
Quadra de Amor,Indio
Chicago (That Toddlin' Town),Bar Harbor Society Orchestra
In May Time (I Learned to Love),Edwin Dale
Sheik of Araby,Pianola Roll
Coracao Divinal,J. Rezende
"Lovin' Sam, The Sheik of Alabam",No Artist
Bright Eyes,Paul Grabowsky
Arise O Sun,Richard Crooks
Cross of Gold,William Jennings Bryan
Caresses,Paul Personne
Night May Have It's Sadness,Patrick Waddington
I'm Nobody's Baby,Paul Biese Orchestra
Mimosa,Leopoldo Fróes
Ours is a Nice 'ouse Ours Is,Alfred Lester
Bimini Bay,Benson Orchestra of Chicago
I Know Where The Flies Go in Summertime,Walter Williams
Cuban Moon,Carl Fenton’s Orchestra
Chloe,Al Cohn
Prelude in G Minor,Sergei Vasilievich Rachmaninoff
Girl of My Dreams,John Holt
Invitation To The Waltz,The Philadelphia Orchestra
Let the Rest of the World Go By,Elizabeth Spencer
Beer Barrel Polka (Roll out the Barrel),Will Glahé
I miss you so,The Cats and the Fiddle
The Lion Sleeps Tonight,Solomon Linda & The Evening Birds
I Don't Know,Cripple Clarence Lofton
Frenesi,Juan García Esquivel
No Rancho Fundo,Sivuca
I Can't Get Started,Bunny Berigan
Whistle While You Work,Seven Dwarfs
Jeepers Creepers,Al Donahue
Goin' Down in Galilee,Kokomo Arnold
September Song,Walter Huston
I Don't Do Things Like That,Tommy Trinder
Love Walked In,Kenny Baker
Fascinating Rhythm,Sol Hoʻopiʻi
Indian Love Call,Jeanette MacDonald
This Year's Kisses,Margaret McCrae
The Flat Foot Floogie,Slim & Slam
With Plenty of Money & You,Henry Busse Orchestra
You Can't Stop Me from Dreaming,Teddy Wilson and His Orchestra
Bonaparte's Retreat,W.H. Stepp
"Goodnight, Irene",Lead Belly
These Foolish Things (Remind Me of You),Leslie “Hutch” Hutchinson
On The Good Ship Lollipop,Shirley Temple
I Want to Be a Cowboy's Sweetheart,Patsy Montana
El Dia Que Me Quieras,Carlos Gardel
She's a Latin From Manhattan,Victor Feldman
I'm in the Mood For Love,Little Jack Little
And Then Some,Ozzie Nelson and His Orchestra
Lullaby of Broadway,Dick Powell
Stop That Thing,Sleepy John Estes
Every Man a King,Huey Pierce Long
The Music Goes Round & Round,Riley / Farley Orchestra
"East of the Sun, West of the Moon",Tom Coakley And His Palace Hotel Orchestra
The Carioca,Enric Madriguera
I Only Have Eyes For You,Scott Wood & His Orchestra
The Carioca,Harry Sosnik & his Orchestra
One Night of Love,Grace Moore
Inka Dinka Doo,Jimmy Durante
Cidade Maravilhosa,Aurora Miranda
Hawkin's Rag,Gid Tanner
Mal Hombre,Lydia Mendoza
All I Do Is Dream Of You,Jan Garber & His Orchestra
Old Spinning Wheel,Emil Velasco
You're the Top,Paul Haig
Cocktails For Two,Will Osborne & His Orchestra
Gold Digger's Song (We're in The Money),Dick Powell and his Orchestra
The Wedding of Mister Mickey Mouse,The BBC Dance Orchestra
I Like a Guy What Takes His Time,Mae West
April in Paris,Henry King
Linda Morena,Mário Reis & Lamartine Babo
Lover,Greta Keller
It's the Talk of the Town,Fletcher Henderson and His Orchestra
How Come You Do Me Like You Do,Spike Hughes and His Negro Orchestra
Jazz Me Blues,Joe Venuti And His Blue Six
Hold Me,Hotel Commodore Dance Orchestra
Willow Weep For Me,Ted Brown
Goopy Geer,Pat O'Malley
O Teu Cabelo Nao Nega,Castro Barbosa
Underneath the Harlem Moon,Joe Rines
You're Blase,Gus Arnheim's Cocoanut Grove Orchestra
In a Shanty in Old Shanty Town,Ted Blackall
"Love, You Funny Thing",Louis Armstrong & His Orchestra
How Deep Is the Ocean,Paul Motian
Andorinha Preta,Breno Ferreira
Smoke Gets in Your Eyes,Charlie Landsborough
Sweet & Lovely,Gus Arnheim
Sugar Blues,Clyde McCoy
Tico-Tico no Fuba,Orquestra Colbaz
Oh Donna Clara,Layton & Johnstone
"Bacon, Beans and Limousines",Will Rogers
Love for Sale,Libby Holman
Time On My Hands (You In My Arms),Smith Ballew & His Orchestra
Siboney,Alfredo Britto and his Siboney Orchestra
Home,Peter van Steeden
Experience Blues,Ruth Willis
Puttin' on the Ritz,Harry Richman
The Peanut Vendor,Don Azpiazú and His Havana Casino Orchestra
Chant of the Jungle,Roy Ingraham
Dancing With Tears in My Eyes,Nat Shilkret and His Orchestra
Happy Days Are Here Again,Benny Meroff & His Orchestra
When It's Springtime in The Rockies,Hilo Hawaiian Orchestra
If I Could Be With You One Hour Tonight,McKinney’s Cotton Pickers
Sitting on Top of the World,Mississippi Sheiks
When It's Springtime in The Rockies,Ben Steneker
Walk Right In,Cannon’s Jug Stompers
I'm in The Market For You,Van Phillips
My Black Mama,Son House
Nightlife,Mary Lou Williams
My Baby Just Cares For Me,Jack Payne
Dancing With Tears in My Eyes,Regent Club Orchestra
Bunkey-Doodle-I-Doh,Leslie Sarony
The Deacon's Hop,Big Jay McNeely's Blue Jays
Sneakin' Around,Rudy Render
Cruising Down the River,Blue Barron and His Orchestra
Broken Hearted,Eddie Williams & His Brown Buddies
Blues Stay Away From Me,Eddie Crosby
I'll Always Be in Love with You,The X-Rays
Some Enchanted Evening,Ezio Pinza
The Pussy Cat Song (Nyot Nyow!),Patty Andrews
Numbers Boogie,Sugar Chile Robinson
Jealous Heart,Al Morgan
Doby's Boogie,Freddie Mitchell
Ramblin' Rose,Tony Pastor
"Put 'em in a Box, Tie 'em With a Ribbon",Ray McKinley and His Orchestra
A Little Bird Told Me,Smokey Rogers
The Old Master Painter,Richard Hayes
Gamblin' Polka Dot Blues,Tommy Duncan
One Has My Name the Other Has My Heart,Bob Eberly
I Wish I Knew,Dolph Hewitt
Hadacol Boogie,Bill Nettles & His Dixie Blue Boys
Steel Guitar Ramble,Cecil Campbell & His Tennessee Ramblers
Somebody Done Stole My Cherry Red,Eddie “Cleanhead” Vinson
Chiquita bacana,Emilinha Borba
Walkin' Around,Paul Williams
Before You Call,Dave Landers
Johnson Rag,Jack Teter Trio
Late After Hours,Great Gates
Page Boy Shuffle,Joe Thomas
"Money, Marbles And Chalk",Captain Stubby & The Buccaneers
Hip Shakin' Mama,Chubby Newsome
Double Talkin' Woman,Earl Nunn
Ethel Mae,L.C. Williams
Mary Is Fine,Clarence “Gatemouth” Brown
A Little Bird Told Me,Blue Lu Barker
You Call Everybody Darlin',Al Trace
Life Gits Tee-Jus Don't It,Carson Robison and His Pleasant Valley Boys
Corn Bread,Hal Singer Sextette
Move On Up a Little Higher,Mahalia Jackson
Peepin' Thru the Keyhole (Watching Jole Blon),Cliffie Stone and His Square Dance Band
My Heart Belongs to You,Arbee Stidham
"You Can't Be True, Dear",Ken Griffin
Now Is the Hour (Maori Farewell Song),Gracie Fields
I'm My Own Grandpa,Lonzo & Oscar
My Fault,Brownie McGhee
"We're Gonna Rock, We're Gonna Roll",Wild Bill Moore
"Signed, Sealed And Delivered",Bob Walsh
Wrapped Up in a Dream,The Do Ray Me Trio
Baby Face,Art Mooney & His Orchestra
What Have I Done?,Hadda Brooks Trio
I Beg Your Pardon,Francis Craig and His Orchestra
I'm Looking Over a Four Leaf Clover,George Trevare
Ebony Rhapsody,Rosetta Howard
The Gods Were Angry With Me,Eddie Kirk
Maybe You'll Be There,Gordon Jenkins & His Orchestra
A Little Bird Told Me,Paula Watson
Slap Her Down Again Paw,Esmereldy And Her Novelty Band
Elevator Boogie,Mabel Scott
Great Long Pistol,Jerry Irby & His Texas Rangers
X-Temperaneous Boogie,Camille Howard
Tear Drop Blues,Jimmy Liggins & His Drops of Joy
Cryin' In My Beer,Jerry Irby & The Texas Ranchers
"Hair Of Gold, Eyes Of Blue",Gordon MacRae
My Happiness,Jon Steele
Freedom Train Blues,Melvin Jackson
Dear Oakie,Jack Rivers
Recess in Heaven,Dan Grissom & Ebb Tones
Sweet Georgia Brown,Brother Bones & His Shadows
Milky White Way,The Trumpeteers
Tramp On The Street,Jerry Garcia
Cocaine Blues,Roy Hogsed
Out of the Blue,Hadda Brooks
That's Your Last Boogie,Joe Swift
Go Long,The Dixieaires
You Sure Look Good To Me,The Big Three Trio
Shuffle Woogie,Joe Lutcher
Sneaky Pete,Bull Moose Jackson & His Buffalo Bearcats
Near You,Francis Craig
This Land is Your Land,Woody Guthrie
Don't You Think I Oughta Know,Bill Johnson & his Musical Notes
"Open The Door, Richard!",Jack McVea
Red Top,Gene Ammons Sextet
Zip-A-Dee-Doo-Dah,James Baskett
Fool That I Am,Floyd Hunt Quartette
Shake The Boogie,Sonny Boy Williamson
Temptation (Tim-Tayshun),Red Ingle and the Natural Seven
El rancho grande,Marisa Fiordaliso
Jole Blon's Sister,Moon Mullican and His Showboys
Swanee River Boogie,Albert Ammons
"Open The Door, Richard!",The Three Flames
Valzer delle candele (Auld lang syne),Carla Dupont
Feudin' & Fightin',Dorothy Shay
amado mio,Mara Mauri
Asa Branca,Luiz Gonzaga
How Soon (Will I Be Seeing You),Jack Owens
Maladie D'Amour,Henri Salvador
Make Room In Your Heart For A Friend,Wiley Walker
R. M. Blues,Roy Milton
Round About Midnight,Thelonious Monk
The Very Thought of You,Luis Russell and His Orchestra
Have I Told You Lately (That I Love You),Foy Willing & The Riders of The Purple Sage
The Honeydripper,Cab Calloway
Harriet,Red Elvises
Cement Mixer (Put-Ti-Put-Ti),Slim Gaillard Trio
Petit Papa Noel,Tino Rossi
Inflation,Zeke Manners
Voo-It! Voo-It!,The Blues Woman
Rainbow At Midnight,Carlisle Brothers
To Each His Own,The Modernaires
Atomic Power,The Buchanan Brothers
Blue Flame,Lenny Lewis And His Orchestra
Chickery Chick,Carroll Gibbons
Jole Blon,Harry Choates
Amazing Grace,The Dixie Hummingbirds
Left a Good Deal in Mobile,Herb Jeffries
I Want To Be Sure,Celestine
Maria Bethania,Nelson Gonçalves
Tender Hearted Sue,The Rambling Rogue
A Little On The Lonely Side,Frankie Carle and his Orchestra
Lili Marlene,Marlene Dietrich
Bolinha de Papel,Anjos do Inferno
My Dreams Are Getting Better All the Time,The Phil Moore Four
Chopin's Polonaise,Carmen Cavallaro
Sentimental Journey,Hal McIntyre & His Orchestra
My Dreams Are Getting Better All the Time,Johnny Long
Begin the Beguine,"Eddie Heywood, Jr."
My Heart Tells Me (Should I Believe My Heart),The Glen Gray Casa Loma Orchestra
Mexico Joe,Ivie Anderson
Texas Blues,Foy Willing
Body and Soul,Coleman Hawkins and His Orchestra
If It's Wrong to Love You,Charles Mitchell
When My Blue Moon Turns To Gold Again,Cindy Walker
"Is You Is, or Is You Ain't",Cootie Williams and His Orchestra
Don't You Sweetheart Me,Lawrence Welk & His Orchestra
Estrellita,Harry James Orchestra
It's Love-Love-Love,The King Sisters
Stormy Weather (Keeps Rainin' All the Time),Lena Horne
As Time Goes By,Dooley Wilson
Don't Stop Now,Bonnie Davis
Please Be Careful (If You Can't Be Good),Boone's Jumping Jacks
A Dama de Vermelho,Duduca & Dalvan
From Twilight 'Till Dawn,Ceele Burke & His Orchestra
There's a Star Spangled Banner Waving Somewhere,Boxcar Willie
Rubber Bounce,Sonny Boy Williams
Exaltacao a Bahia,Heleninha Costa
Put Your Arms Around Me Honey,Dick Kuhn
Oklahoma!,Richard Rodgers
Alza Manolita (As Cartas Nao Mentem Jamais),Osny Silva
Stormy Monday Blues,Earl Hines and His Orchestra
Deep in the Heart of Texas,Alvino Rey
See See Rider Blues,Bea Booze
C Blue,Barney Bigard
Just Kiddin' Around,Artie Shaw and His Orchestra
Let's Be Friends,Lil Green
Praise the Lord and Pass the Ammunition,The Southern Sons
Der Fuhrer's Face,Spike Jones and His City Slickers
My Devotion,Charlie Spivak
(There'll Be Bluebirds Over) the White Cliffs of Dover,Jean Cerchi
Ai! Que Saudades da Amelia,Ataulfo Alves
I Said No,Alvino Rey & His Orchestra
Johnny Doughboy Found A Rose In Ireland,Kay Kyser & His Orchestra
Jersey Bounce,Royal Air Force
Emilia,Vassourinha
Chattanooga Choo Choo,Harry Roy
Ferryboat Serenade,Dick Robertson
It's a Great Day for the Irish,The Jesters
Ferryboat Serenade,The Tic Toc Rhythm Orchestra
Key to the Highway,Big Bill Broonzy
Ala Li La,Carlos Galhardo
I Don't Want to Set the World On Fire,Tommy Tucker Time
The Wise Old Owl,Al Donahue and His Orchestra
She Belongs to The Devil,Washboard Sam
Aurora,Joel & Gaúcho
Vine Street Blues,Jay McShann
Make Believe Island,Mitchell Ayres
Scrub Me Mama With A Boogie Beat,Swing Republic
Ma (He's Making Eyes At Me),Dick Robertson & His Orchestra
I'm Nobody's Baby,Nat Gonella
O Samba da Minha Terra,Bando da Lua
Were You There?,Roland Hayes
Practice Makes Perfect,Bob Chester & His Orchestra
Tom Dooley,Frank Proffitt
On the Isle of May,Connee Boswell
There I Go,Will Bradley and His Orchestra
Passarinho do Relogio (Cuco),Aracy de Almeida
The Clouds,The Spacemen
Petite Fleur (Little Flower),Chris Barber’s Jazz Band
Only Sixteen,Craig Douglas
Mary Lou,Ronnie Hawkins
What Do You Want to Make Those Eyes At Me For?,Emile Ford & The Checkmates
There's A Big Wheel,Wilma Lee Cooper
So Fine,The Fiestas
Sleep Walk,Santo & Johnny
Tall Cool One,The Wailers
Sea of Love,Phil Phillips & The Twilights
There Is Something On Your Mind,Big Jay McNeely & Band
Sea of Love,Phil Phillips
Arrivederci,Marino Barreto Jr
Forever,Joe Damiano
Since I Don't Have You,The Skyliners
The Battle Of New Orleans,Jimmy Driftwood
Sea Cruise,Frankie Ford
Tiger,Fabian
Sorry (I Ran All the Way Home),The Impalas
In the Mood,Ernie Fields
Old Moon,Betty Foley
The Big Hurt,Miss Toni Fisher
16 Candles,The Crests
Seven Little Girls Sitting in the Back Seat,Paul Evans
Pretty Girls Everywhere,Eugene Church
Here Comes the Summer,Jerry Keller
Deck of Cards,Wink Martindale
Pink Shoe Laces,Dodie Stevens
Julia,Johnny Dorelli
My Heart Is an Open Book,Carl Dobkins Jr.
Quiet Village,Martin Denny
Een Beetje Meer,Teddy Scholten
Manhattan Spiritual,Reg Owen Orchestra
Don't You Know,Della Reese
Tell Him No,Travis & Bob
Gotta Travel On,Billy Grammer
Hushabye,The Mystics
Peter Gunn,Ray Anthony and His Orchestra
Linda Lu,Ray Sharpe
Makin' Love,Floyd Robinson
Uh! Oh! Part 2,The Nutty Squirrels
Tom Dooley,The Kingston Trio
Tequila,The Champs
When,Kalin Twins
Tequila,CHAMPS
Raunchy,Ernie Freeman
Endless Sleep,Jody Reynolds
The Chipmunk Song (Christmas Don't Be Late),The Chipmunks
Little Star,The Elegants
Get a Job,The Silhouettes
More Than Ever (Coma Prima),Marino Marini ed il suo Quartetto
Chantilly Lace,The Big Bopper
Don't You Just Know It,Huey “Piano” Smith & The Clowns
To Know Him is to Love Him,The Teddy Bears
Tears On My Pillow,The Imperials
We Belong Together,Robert & Johnny
Rumble,Link Wray
Rockin' Robin,Bobby Day
He's Got the Whole World in His Hands,Laurie London
Your Name Is Beautiful,Carl Smith
Do You Want to Dance?,Bobby Freeman
The End,Earl Grant
Oh Julie,The Crescendos
Stop The World (And Let Me Off),Johnnie Wright
Book of Love,The Monotones
Susie Darlin',Robin Luke
Been So Long,The Pastels
Raunchy,Bill Justis & His Orchestra
One Summer Night,The Danleers
Love Bug Crawl,Jimmy Edwards
Born Too Late,The Poni-Tails
Please Pass The Biscuits,Gene Sullivan
Down The Aisle Of Love,The Quin-Tones
Hoots Mon,Lord Rockingham's XI
The Story of My Life,Michael Holliday
Melodie D'amour,Edmundo Ros
Itchy Twitchy Feeling,Bobby Hendricks
La Dee Dah,Billy & Lillie
Little Darling,Lana Bittencourt
Short Shorts,Royal Teens
So Tough,Original Casuals
Young Love,Tab Hunter
"Tonite, Tonite",The Mello-Kings
Love is Strange,Mickey & Sylvia
Raunchy,Bill Justis
You Can Make It if You Try,Gene Allison
With All My Heart,Jodie Sands
Silhouettes,The Rays
Party Doll,Buddy Knox
Singing The Blues,Tommy Steele
"Over the Mountain, Across the Sea",Johnnie & Joe
Mr Lee,The Bobbettes
Butterfly,Charlie Gracie
Net als toen,Corry Brokken
Rocking Pneumonia And The Boogie Woogie Flu (Parts 1 & 2),Huey “Piano” Smith
Little Bitty Pretty One,Thurston Harris
Little Darlin',The Gladiolas
"Buzz, Buzz, Buzz",The Hollywood Flames
Der lachende Vagabund,Fred Bertelmann
I'm Gonna Sit Right Down and Write Myself a Letter,Billy Williams
Ik sta op wacht,Bobbejaan Schoepen
Oh Billy Boy,Club Argentina
Kohlerliesel,Die Heimatsänger
Sei Zufrieden mit dem Heute,Das Lukas-Trio
Teenage Crush,Tommy Sands
Rainbow,Russ Hamilton
"Cindy, Oh Cindy",Wolfgang Sauer
Mocinho Bonito,Dóris Monteiro
Ik sta op wacht,Joop de Knegt
Susie Q,Dale Hawkins
Marianne,Terry Gilkyson & the Easy Riders
"Happy, Happy Birthday Baby",The Tune Weavers
Teardrops,Lee Andrews & The Hearts
Bad Boy,The Jive Bombers
I'm Stickin' with You,Jimmy Bowen
Poor Man's Riches,Benny Barnes
The Banana Boat Song,The Tarriers
Wayward Wind,Gogi Grant
It's Almost Tomorrow,Dreamweavers
Eddie My love,The Teen Queens
Poor People of Paris,"Les Baxter, His Chorus and Orchestra"
Moonglow & Theme From Picnic,Morris Stoloff
The Flying Saucer (Parts 1 and 2),Buchanan & Goodman
Transfusion,Nervous Norvus
Slow Walk,Sil Austin
The Fool,Sanford Clark
Stranded in the Jungle,The Vibrations
Zambezi,Lou Busch
A Thousand Miles Away,The Heartbeats
A Casual Look,The Six Teens
Stranded in The Jungle,The Cadets
Oh Johnny,Tante Leen
Tricky,Gus Jenkins
Smokie,Die Sieben Raben
Maruzzella,Renato Carosone
Conceicao,Cauby Peixoto
Juke Box Blues,June Carter Cash
Kaspische Zee,Jaak De Voght
Ballad of Davy Crockett,Annie Cordy
Je Vais Revoir ma Blonde,Darío Moreno
Mack the Knife,Dick Hyman
Little Girl of Mine,The Cleftones
I Can't Quit You Baby,Otis Rush
I Put a Spell On You,Screamin’ Jay Hawkins
Ka-Ding Dong,The G-Clefs
Tonight You Belong to Me,Patience & Prudence
Black Denim Trousers,The Cheers
Teen Age Prayer,Gloria Mann
Ballad of Davy Crockett,Bill Hayes
Nuttin for Christmas,Joe Ward
Let Me Go Lover,Joan Weber
Adorable,The Colts
Cry Me a River,Julie London
Why Don't You Write Me?,The Jacks
Softly Softly,Ruby Murray
Story Untold,The Nutmegs
Yellow Rose of Texas,Johnny Desmond
Ballad of Davy Crockett,Fess Parker
Don't Start Me Talkin',Sonny Boy Williamson
Soldier Boy,The Four Fellows
L'Homme et L'Enfant (The Little Boy and the Old Man),Eddie Constantine
Les Lavandieres du Portugal,Jacqueline François
I Hear You Knockin',Gale Storm
Speedo,The Cadillacs
Walking the Blues,Willie Dixon
"Daddy, You Know What?",Jim Wilson
When You Dance You Can Really Love,The Turbans
Blue Star (The Medic Theme),Cyril Stapleton’s Orchestra
At My Front Door (Crazy Little Mama),The El Dorados
"Those Lonely, Lonely Nights",Earl King
"Hey, Mr Banjo",Silvio Francesco
Come Home,Bubber Johnson
I Dreamed Of A Hill-Billy Heaven,Eddie Dean
Don't Take It So Hard,"Earl ""Connelly"" King"
Ave Maria No Morro,Claude Robin
Rollin' Stone,The Marigolds
Cafe Socaite,Jorge Veiga
Die Gipsy-Band,Bibi Johns
Scapricciatiello,Aurelio Fierro
"Jim, Johnny & Jonas",Hula Hawaiian Orchestra
Lonely Nights,The Hearts
There Goes That Train,Rollee McGill
Hard To Get,Gisele MacKenzie
Everywhere,David Wilcox
Chop Chop Boom,The Danderliers
Mama Talk To Your Daughter,J.B. Lenoir
The Things That I Used to Do,Guitar Slim
Earth Angel,The Penguins
Don't Drop It,Terry Fell
Happy Wanderer,The Obernkirchen Children's Choir
Sh-Boom (Life Could Be a Dream),The Chords
Release Me,Jimmy Heap
Hernando's Hideaway,Archie Bleyer
The High & The Mighty,Victor Young & His Orchestra
If You Don't Somebody Else Will,Jimmy & Johnny
Happy Wanderer,Frank Weir
You All Come,Arlie Duff
I Get So Lonely (When I Dream About You),The Four Knights
Teach Me Tonight,The de Castro Sisters
"Good Deal, Lucille",Al Terry
Darling Dear,The Counts
Am 30. Mai ist der Weltuntergang,Golgowsky-Quartett
Schuster Bleib Bei Deinen Leisten,Werner Dies
Heideroslein,Friedel Hensch
Wir Wir Wir Haben Ein Klavier,Zehn Whiskys Und Ein Soda
Oop Shoop,Shirley Gunter & The Queens
Mambo Italiano,Ellie Russell
Le Petit Cordonnier,Francis Lemarque
Te voglio bene (tanto tanto),Renato Rascel
Etranger Au Paradis,Gloria Lasso
"Hi Lili, Hi Lo",Leslie Caron & Mel Ferrer
"Backward, Turn Backward",Pee Wee King & His Golden West Cowboys
The High & The Mighty,Leroy Holmes
Never,Marilyn Tuttle
Skokiaan,Ralph Marterie
"What It Was, Was Football",Andy Griffith
Le Grisbi,Jean Wetzel
Woman (Uh - Huh),José Ferrer
Heart of Stone,Charms
River of No Return,Marilyn Monroe
That's All I Want From You,Jaye P. Morgan
Saca-Rolha,Zé da Zilda
I Forgot More Than You'll Ever Know,The Davis Sisters
The Song From Moulin Rouge (Where Is Your Heart),Percy Faith Orchestra
Sad Hours,Little Walter & His Night Cats
St George & the Dragonette,Stan Freberg
Dream Girl,Jesse & Marvin
Anna (The Baion),Silvana Mangano
Crying in the Chapel,June Valli
Nadine,The Coronets
How Much is That Doggy in the Window?,Lita Roza
"Mama, Come Get Your Baby Boy",Albert Lee
Too Young To Tango,Sunshine Ruby
Broken Wings,Art & Dotty Todd
Poppa Piccolino,Diana Decker
Is It a Dream,The Vocaleers
Gee,The Crows
Es hangt ein Pferdehalfter an der Wand,Kilima hawaiians
Keine Angst vor grossen Tieren,Michael Jary
Tipitina,Professor Longhair
In A Golden Coach (There's A Heart Of Gold),Billy Cotton & His Band
I Saw Mommy Kissing Santa Claus,The Beverley Sisters
Hound Dog,Big Mama Thornton
Get It,The Royals
Till I Waltz Again With You,Tommy Sosebee
Banana Split,Kid King’s Combo
Whoopin' and Hollerin',Earl Forest
Crying in the Chapel,Darrell Glenn
"Train, Train, Train",Danny Overbea
I Found Out More Than You Ever Knew,Betty Cody
Marriage Of Mexican Joe,Carolyn Bradshaw
Daughter (That's Your Red Wagon),Sax Kari Orchestra
Baby I'm Doin' It,Annisteen Allen
I'm Glad,Mitzi Mars
My Kind of Woman,Emitt Slay Trio
You're Mine,The Crickets
Tin Pan Alley,Jimmy Wilson
Terry's Theme From 'Limelight',Ron Goodwin
Blue Tango,Leroy Anderson
It's in The Book,Johnny Standley
Got You on My Mind,Big John Greer
Diane,Buddy Lucas and His Band of Tomorrow
Auf Wiederseh'n Sweetheart,Eddy Howard & His Orchestra
Port of Rico,Illinois Jacquet and His Orchestra
I'm Gonna Play the Honky Tonks,Marie Adams
Singin' in the Rain,Gene Kelly
Heavenly Father,Edna McGriff
"Rote Rosen, rote Lippen, roter Wein",Reno Carol
Lata D'agua,Marlene
Anema E Core (With All My Heart And Soul),Roberto Murolo
Goodbye Baby,Little Caesar
My Heart's Desire,Jimmie Lee
Night Train,Buddy Morrow
Where Are You (Now That I Need You),The Mello-Moods
Every Day I Have the Blues,Joe Williams
Wheel of Fortune,Bobby Wayne
Saddle The Cow (And Milked The Horse),Roscoe Gordon & His Orchestra
Slow Poke,Helen O’Connell
Ninguem Me Ama,Nora Ney
Paris Canaille,Catherine Sauvage
Be Anything - Be Mine,Wini Brown
"Worry, Worry, Worry",Joe Houston
The Children's Marching Song,The Sauter-Finegan Orchestra
Oh Happy Day,Don Howard
Wheel of Fortune,Eddie Wilcox
T 99 Blues,"Jimmy ""T99"" Nelson"
Chica Boo,Lloyd Glenn
Tennessee Waltz,Anita O’Day
Tend to Your Business,James Waynes
"Beloved, Be Faithful",Teddy Johnson
The Petite Waltz,Billy Cotton
I Will Wait,The Four Buddies
Down Yonder,Champ Butler
Down Yonder,Del Wood
Rocket 88,Jackie Brenston
Hot Rod Race,Arkie Shibley
Sweet Violets,Jane Turzy
Too Young,Toni Arden
Hey Little Girl,John Godfrey Trio
Once There Lived a Fool,Jimmy Grissom
The Loveliest Night Of The Year,Ann Blyth
Un Poco Loco,Bud Powell
I'd Rather Drink Muddy Water (And Sleep in a Hollow Log),Grant Jones
Un Gamin De Paris,Mick Micheyl
Hoppin',The Griffin Brothers
Go! Go! Go!,The Treniers
Third Man Theme,Anton Karas
If I Knew You Were Comin' I'd Have Baked a Cake,Eileen Barton
Hop Scotch Polka,Billy Whitlock
Rockin' Blues,Johnny Otis & His Orchestra
Autumn Leaves (Les Feuilles Mortes),Yves Montand
"Cry, Cry Baby","Ed Wiley, Jr."
3 x 7 = 21,Jewel King
I'm Yours to Keep,Herb Fisher
Tenderly,Lynn Hope
Cerisier Rose & Pommier Blanc,André Claveau
Bald Head,Roy Byrd & His Blues Jumpers
Mona Lisa,Dennis Day
Rag Mop,Ralph Flanagan
Slippin' Around with Jole Blon,Bud Messner
Lose Your Blues,Red Kirk
Cry of the Dying Duck in a Thunderstorm,Cactus Pryor
I Love You My Darlin',Joe Fritz
Bewitched (bothered & bewildered),Bill Snyder
Steal Away,Red Red Meat
Bon Ton Roula,Clarence Garlow
Antonico,Alcides Gerardi
Easter Boogie,Freddie Mitchell and His Orchestra
Rag Mop,Johnnie Lee Wills
A Prison Without Walls,Afterworld
Bewitched (bothered & bewildered),Larry Green and His Orchestra
Safronia B,Calvin Boze & His All Stars
Olhos Verdes,Dalva de Oliveira
Love For Christmas,Felix Gross
Our Father (Which Art in Heaven),The Five Blind Boys of Mississippi
Stak-A'Lee (Parts I & II),Archibald
After Hour Session,Frank Culley
My Foolish Heart,Mindy Carson
April In Portugal (The Whisp'ring Serenade),Yvette Giraud
Ave Maria,Trio de Ouro
Surriento d' 'e 'nnammurate,Sergio Bruni
In the Year 2525 (Exordium & Terminus),Zager & Evans
Something in the Air,Thunderclap Newman
Oh Happy Day,Edwin Hawkins Singers
Je T'Aime (Moi Non Plus),Jane Birkin
Color Him Father,The Winstons
Israelites,Desmond Dekker
Black Pearl,"The Checkmates, Ltd."
Nothing but a Heartache,The Flirtations
Where Do You Go to My Lovely?,Peter Sarstedt
Lily the Pink,The Scaffold
Israelites,Desmond Dekker & The Aces
Polk Salad Annie,Tony Joe White
Jealous Kind of Fella,Garland Green
Only One Woman,The Marbles
Natural Born Bugie,Humble Pie
Crumbs Off The Table,The Glass House
Get Together,The Youngbloods
Reconsider Me,Johnny Adams
Take a Letter Maria,R.B. Greaves
Nobody But You Babe,Clarence Reid
Si tu dois partir,Fairport Convention
Worst That Could Happen,The Brooklyn Bridge
Oh Lady Mary,David Alexandre Winter
In a Moment,The Intrigues
You Got To Pay The Price,Gloria Ann Taylor
Smile A Little Smile For Me,The Flying Machine
Put a Little Love in Your Heart,Jackie DeShannon
Grazing in the Grass,Hugh Masekela
Judy in Disguise (With Glasses),John Fred & His Playboy Band
Soulful Strut,Young–Holt Unlimited
Green Tambourine,The Lemon Pipers
The Good the Bad & the Ugly,Hugo Montenegro
Here Comes the Judge,Frederic Earl 'Shorty' Long
Angel of the Morning,Merrilee Rush
Born Free,The Hesitations
MacArthur Park,Richard Harris
Baby Come Back,The Equals
Love Makes a Woman,Barbara Acklin
Sweet Inspiration,The Sweet Inspirations
Cinderella Rockefella,Esther & Abi Ofarim
Light My Fire,José Feliciano
Summertime Blues,Blue Cheer
I Ain't Got To Love Nobody Else,The Masqueraders
Journey to the Center of the Mind,The Amboy Dukes
The Unicorn,The Irish Rovers
Talking About My Baby,Gloria Walker
Tip-Toe Thru' the Tulips with Me,Tiny Tim
Classical Gas,Mason Williams
Dream a Little Dream of Me,Cass Elliot
God Bless Our Love,The Ballads
Monja,Roland W.
Does Your Mama Know About Me,Bobby Taylor
Jesamine,Casuals
Flower Of Love,Leon Ashley
In-A-Godda-Da-Vida,Iron Butterfly
Spooky,Classics IV
The Funky Judge,Bull and the Matadors
Soul Serenade,Willie Mitchell
Little Green Apples,Ocie Smith
Girl Watcher,The O’Kaysions
The Horse,Cliff Nobles & Co.
San Francisco (Wear Some Flowers in Your Hair),Scott McKenzie
Expressway (To Your Heart),The Soul Survivors
Make Me Yours,Bettye Swann
Friday On My Mind,The Easybeats
Tramp,The Otis and Carla Band
Expressway to Your Heart,Soul Survivors
Boogaloo Down Broadway,The Fantastic Johnny C
Gimme Little Sign,Brenton Wood
(I Wanna) Testify,The Parliaments
Nobody but Me,The Human Beinz
I Was Kaiser Bill's Batman,Whistling Jack Smith
Mama Spank,Liz Anderson
Kind of a Drag,The Buckinghams
Nothing Takes The Place Of You,Toussaint McCall
For Your Precious Love,Oscar Toney Jr.
"Apples, Peaches, Pumpkin Pie",Jay and The Techniques
Little Old Wine Drinker Me,Robert Mitchum
Incense & Peppermints,Strawberry Alarm Clock
Ode To Billie Joe,The Kingpins
It Must Be Him (Seul Sur Son Etoile),Vikki Carr
The Whole World Is A Stage,The Fantastic Four
Pata Pata,Miriam Makeba
Excerpt From 'A Teenage Opera',Keith West
Next Plane to London,The Rose Garden
Death of a Clown,Dave Davies
Little Bit O' Soul,The Music Explosion
Deep Water,Carl Mann
And the Beat Goes On,Sonny Criss
Repeat After Me,Jack Reno
Flowers in the Rain,The Move
Baby Please Come Back Home,J.J. Barnes
Cassanova (You're Playing Days Are Over),Ruby Andrews
The Sweetest Thing This Sound Of Heaven,Chris Bartley
Everlasting Love,Robert Knight
Western Union,The Five Americans
Gallant Men,Senator Everett McKinley Dirksen
I Fought the Law,The Bobby Fuller Four
Winchester Cathedral,New Vaudeville Band
Black is Black,Los Bravos
Tippy Toeing,The Harden Trio
Baby Scratch My Back,Slim Harpo
Wade in the Water,Ramsey Lewis
Ballad of the Green Berets,Barry Sadler
Double Shot (of My Baby's Love),The Swingin’ Medallions
Pied Piper,Crispian St. Peters
Barefootin',Robert Parker
Open the Door to Your Heart,Darrell Banks
Stand by Me,Spyder Turner
Cool jerk,The Capitols
But It's Alright,J.J. Jackson
Dear Mrs Applebee,David Garrick
She Blew a Good Thing,The Poets
Gloria,The Shadows of Knight
Sunny,Bobby Hebb
Love Makes the World Go Round,Deon Jackson
See You in September,The Happenings
Out of Time,Chris Farlowe
Shotgun Wedding,Roy C
Talk Talk,The Music Machine
A Groovy Kind of Love,The Mindbenders
The Sun Ain't Gonna Shine (Anymore),The Walker Brothers
Lightnin' Strikes,Lou Christie
Hey Joe,The Leaves
Michelle,The Overlanders
Your Good Thing (Is About To End),Mable John
Ganz in weiss,Roy Black
Somewhere My Love,Ray Conniff
Dirty Water,The Standells
I'll Love You Forever,The Holidays
That's Enough,Roscoe Robinson
Searching for My Love,Bobby Moore & The Rhythm Aces
Red Rubber Ball,The Cyrkle
Wang Dang Doodle,Koko Taylor
Guantanamera,The Sandpipers
Day Tripper,The Vontastics
Are You Lonely for Me,Freddie Scott
I'm A Nut,Leroy Pullins
Giddyup Go - Answer,Minnie Pearl
Les Playboys,Jacques Dutronc
Juanita Banana,The Peels
"Love Me, Please Love Me",Michel Polnareff
I'm Your Puppet,James & Bobby Purify
"Hey, Leroy, Your Mama's Callin' You",Jimmy Castor
They're Coming to Take Me Away Ha-Haaa!,Napoleon XIV
Psychotic Reaction,Count Five
Il Silenzio,Nini Rosso
Land of 1000 Dances,Cannibal & The Headhunters
Eve of Destruction,Barry McGuire
Hello Vietnam,Johnny Wright
Treat Her Right,Roy Head
Aline,Christophe
Ode To The Little Brown Shack Out Back,Billy Edd Wheeler
Hang On Sloopy,The McCoys
Twine Time,Alvin Cash & The Crawlers
"Poupee De Cire, Poupee De Son",France Gall
The Birds & the Bees,Jewel Akens
I'm Telling You Now,Freddie & the Dreamers
The Duck,Jackie Lee
A Lover's Concerto,The Toys
This Diamond Ring,Gary Lewis & the Playboys
"Oo Wee Baby, I Love You",Fred Hughes
The Boy from New York City,The Ad Libs
Lies,The Knickerbockers
New York's a Lonely Town,The Trade Winds
Capri C'est Fini,Hervé Vilard
Il Mondo,Jimmy Fontana
La Danse De Zorba,Mikis Theodorakis And His Orchestra
I Can't Work No Longer,Billy Butler & The Chanters
The Game of Love,Wayne Fontana
Shame & Scandal in the Family,Shawn Elliot
Hole in the Wall,The Packers
Take Me in Your Arms (Rock Me a Little While),Kim Weston
Soul Heaven,The Dixie Drifter
Cast Your Fate to the Wind,Sounds Orchestral
I Do,The Marvelows
Early Bird,André Brasseur
N'avoue Jamais,Guy Mardel
It's A Man Down There,G.L. Crockett
Certain,Bill Nelson
This Strange Effect,Dave Berry
Hold On Baby,Sam Hawkins
Michael,C.O.D's
Who Do I Think I Am,Woods
The Entertainer,Tony Clarke
Concrete & Clay,Unit 4+2
Country Guitar,Phil Baugh
Io che non vivo (senza te),Pino Donaggio
Only Those In Love,Baby Washington
Voice Your Choice,The Radiants
Non Ho L'Eta Per Amarti,Gigliola Cinquetti
Funny (How Time Slips Away),Joe Hinton
"Memphis, Tennessee",Johnny A.
Every Little Bit Hurts,Brenda Holloway
(Just Like) Romeo & Juliet,The Reflections
The Lumberjack,Hal Willis
Liebeskummer lohnt sich nicht,Siw Malmkvist
Bread & Butter,The Newbeats
Farmer John,The Premiers
Hi-Heel Sneakers,Tommy Tucker
Wish Someone Would Care,Irma Thomas
Tobacco Road,The Nashville Teens
Have I the Right,The Honeycombs
Hippy Hippy Shake,The Swinging Blue Jeans
Harlem Shuffle,Bob & Earl
Twine Time,Alvin Cash
Suspicion,Terry Stafford
Selfish One,Jackie Ross
Oh My Darling Caroline,Ronny
The French Song (Quand Le Soleil Dit Bonjour Aux Montagnes),Lucille Starr
In ginocchio da te,Gianni Morandi
"Das kommt vom Rudern, das kommt vom Segeln",Peter Lauch & die Regenpfeifer
Right or Wrong,Ronnie Dove
The Wedding,Julie Rogers
Give Me 40 Acres (To Turn This Rig Around),The Willis Brothers
I Wanna Love Him So Bad,The Jelly Beans
Ringo,Lorne Greene
Dern Ya,Ruby Wright Wells
Little Children,Billy J. Kramer and The Dakotas
You're My World,Cilla Black
The Last Kiss,J. Frank Wilson & The Cavaliers
Java,Al Hirt
J'y Pense et Puis J'oublie,Claude François
Ebb Tide,Lenny Welch
"Chit Akins, Make Me A Star",Don Bowman
Hawaii Tattoo,The Waikikis
California Sun,The Rivieras
Surfin' Bird,The Trashmen
Dominique,Sœur Sourire
Sugar Shack,The Fireballs
(Today I Met) The Boy I'm Gonna Marry,Darlene Love
Maria Elena,Los Índios Tabajaras
I Will Follow Him,Peggy March
Mama Didn't Lie,Jan Bradley
Cry Baby,Garnet Mimms
Wipe Out,The Surfaris
The Love Of My Man,Theola Kilgore
Rhythm of the Rain,The Cascades
Just One Look,Doris Troy
What Kind of Fool (Do You Think I Am),The Tams
Ich kauf' mir lieber einen Tirolerhut,Billy Mo
T For Texas,Grandpa Jones
Schuld war nur der Bossa Nova,Manuela
Hello Trouble,Orville Couch
Wini-Wini,Die Tahiti‐Tamourés
Our Day Will Come,Ruby & The Romantics
Killer Joe,The Rocky Fellers
Walk Right In,The Rooftop Singers
My Boyfriend's Back,The Angels
I'm Leaving it (All) Up to You,Dale & Grace
"Mr. Heartache, Move On",Coleman O'Neal
Blame it On the Bossa Nova,Eydie Gormé
Memphis,Lonnie Mack
If You Wanna Be Happy,Jimmy Soul
Deep Purple,Nino Tempo & April Stevens
Se mi vuoi lasciare,Michelle
Happy To Be Unhappy,Gary Buck
Pipeline,The Chantays
Go Away Little Girl,Steve Lawrence
Easier Said Than Done,The Essex
Mockingbird,Inez & Charlie Foxx
Tell Him,The Exciters
Talk to Me,Sunny & the Sunliners
Hello Muddah Hello Faddah,Allan Sherman
Dansevise,Grethe Ingmann
You Don't Have to Be a Baby to Cry,The Caravelles
Please Talk To My Heart,"Johnny ""Country"" Mathis"
My Man - He's A Lovin' Man,Betty Lavett
Fool Me Once,Connie Hall
"Sally, Go 'Round the Roses",The Jaynetts
Robert E. Lee,Ott Stephens
How Can I Forget,Jimmy Holiday
Shoes Of A Fool,Bill Goodwin
Watermelon Man,Mongo Santamaría
Tie Me Kangaroo Down Sport,Rolf Harris
The Way It Feels To Die,Vernon Stewart
A Stranger Was Here,Darrell McCall
O mio signore,Edoardo Vianello
Telstar,The Tornados
Let's Dance,Chris Montez
Old Rivers,Walter Brennan
Stranger On the Shore,Acker Bilk
Zwei kleine Italiener,Conny Froboess
Green Onions,Booker T. Jones
Do You Love Me?,The Contours
Wild Weekend,The Rockin' Rebels
The Monster Mash,Bobby “Boris” Pickett & The Crypt Kickers
Jamie,Eddie Holland
You'll Lose a Good Thing,Barbara Lynn
Tanze mit mir in den Morgen,Gerhard Wendland
Village of Love,Nathaniel Mayer
Midnight in Moscow,Kenny Ball & His Jazzmen
Hey Baby,Bruce Channel
Johnny Angel,Shelley Fabares
My Dad,Paul Petersen
Sweety,Peter Kraus
Norman,Sue Thompson
I Know (You Don't Love Me No More),Barbara George
Loop De Loop,Johnny Thunder
I'm Blue (The Gong-Gong Song),The Ikettes
Silver Threads And Golden Needles,The Springfields
Love Letters,Ketty Lester
Then A Tear Fell,Earl Scott
Walk on the Wild Side,Jimmy Smith
"Quando, Quando, Quando",Tony Renis
I Guess I'll Never Learn,Charlie Phillips
Alley Cat Song,Bent Fabric
I've Got a Woman (Part 1),Jimmy McGriff
Party Lights,Claudine Clark
Al Di La,Emilio Pericoli
You Belong to Me,The Duprees
What's Your Name?,Don & Juan
Shout Shout (Knock Yourself Out),Ernie Maresca
(I'm the Girl From) Wolverton Mountain,Jo Ann Campbell
Let Me In,The Sensations
Un Clair de Lune a Maubeuge,Pierre Perrin
Lookin' For A Love,The Valentinos
Blue Moon,The Marcels
Michael Row the Boat,The Highwaymen
Mexico,Bob Moore
Baby Sittin' Boogie,Buzz Clifford
A Little Bit of Soap,The Jarmels
Wonderland By Night,Bert Kaempfert & His Orchestra
Pepito,Los Machucambos
The Lion Sleeps Tonight,The Tokens
Take Five,Dave Brubeck
Wheels,The String-A-Longs
Hello Fool,Ralph Emery
Gonzo,James Booker
Soothe Me,The Simms Twins
I'm Gonna Knock On Your Door,Eddie Hodges
Are You Sure?,The Allisons
Mother-In-Law,Ernie K‐Doe
Hurt,Timi Yuro
Der Mann im Mond,Gus Backus
Tower of Strength,Frankie Vaughan
Johnny Remember Me,John Leyton
Too Many Times,Don Winters
Goodbye Cruel World,James Darren
Pretty Little Angel Eyes,Curtis Lee
There's a Moon Out Tonight,The Capris
Smoky Places,The Corsairs
Nous Les Amoureux,Jean‐Claude Pascal
Tuff,Ace Cannon
Baby Sittin' Boogie,Ralf Bendix
This Time,Troy Shondell
The Mountain's High,Dick & Dee Dee
You're The Reason,Bobby Edwards
Who Put the Bomp (In the Bomp-A-Bomp-A-Bomp),Barry Mann
Last Night,The Mar‐Keys
My True Story,The Jive Five
Apache,Jørgen Ingmann
I Like it Like That,Chris Kenner
One Grain Of Sand,The Saints
Don't Let Your Sweet Love Die,Reno and Smiley
I've Told Every Little Star,Linda Scott
Anywhere There's People,Lawton Williams
Barbara Ann,The Regents
If You Gotta Make a Fool of Somebody,James Ray
A Scottish Soldier (Green Hills of Tyrol),Andy Stewart
Marina,Rocco Granata
A Thousand Stars,Kathy Young
Fannie Mae,Buster Brown
Ramona,The Blue Diamonds
Mountain of Love,Harold Dorman
There's Something on Your Mind (Part 2),Bobby Marchan
Ooh Poo Pah Do (Part 2),Jessie Hill
Stay,Maurice Williams & The Zodiacs
Banjo Boy,Jan & Kjeld
"Seemann, deine Heimat ist das Meer",Lolita
Greenfields,The Brothers Four
Mustapha,Bob Azzam
Alley-oop,The Hollywood Argyles
Teen Angel,Mark Dinning
Wonderland by Night,Bert Kaempfert
"You're Sixteen, You're Beautiful (And You're Mine)",Johnny Burnette
Wir wollen niemals auseinandergehn,Heidi Brühl
Moonlight,Ted Herold
I Want To Know,Sugar Pie DeSanto
Itsy Bitsy Teeny Weeny Honolulu Strandbikini,Club Honolulu
The Ballad Of Wild River,Gene Woods
Hot Rod Lincoln,Charlie Ryan
The Picture,Ray Godfrey
Cruel Love,Lou Smith
The Madison Time - Part 1,The Ray Bryant Combo
Money (That's What I Want),Barrett Strong
Never On Sunday,Don Costa
Don't Go To Strangers,Etta Jones
Mule Skinner Blues,The Fendermen
Tell Laura I Love Her,Ricky Valance
The Long Walk,Bill Leatherwood
Here I Am Drunk Again,Clyde Beavers
You Talk Too Much,Joe Jones
Sixteen Reasons,Connie Stevens
Pinball Machine,Lonnie Irving
Les enfants du piree (Never On Sunday),"Maria Amalia ""Melina"" Mercouri"
(Do The) Mashed Potatoes (Part 1),Nat Kendrick & The Swans
Look For a Star,Garry Mills
A Million to One,Jimmy Charles
Angel Baby,Rosie & The Originals
Il Nostro concerto,Umberto Bindi
Tom Pillibi,Jacqueline Boyer
Let the Little Girl Dance,Billy Bland
The Moon Is Crying,Allan Riddle
Paper Roses,Anita Bryant
He'll Have to Stay,Jeanne Black
Mr Custer,Larry Verne
Born to Be Alive,Patrick Hernandez
Pop Muzik,M
Ring My Bell,Anita Ward
Knock On Wood,Amii Stewart
Video Killed the Radio Star,Buggles
"Yes, I'm Ready",Teri DeSario
You're Only Lonely,J.D. Souther
Stumblin' In,Chris Norman
Just Good Ol' Boys,Moe Bandy & Joe Stampley
Are Friends Electric?,Tubeway Army
Music Box Dancer,Frank Mills
Just When I Needed You Most,Randy VanWarmer
I Just Can't Control Myself,Nature's Divine
Ain't No Stoppin' Us Now,McFadden & Whitehead
Money,The Flying Lizards
Chuck E's in Love,Rickie Lee Jones
Firecracker,Mass Production
Lucky Number,Lene Lovich
Dancin',Grey and Hanks
Hallelujah,Milk and Honey
"Oh, Honey",Delegation
Driver's Seat,Sniff ’n’ the Tears
Lotta Love,Nicolette Larson
Why Leave Us Alone,Five Special
Hit Me With Your Rhythm Stick,Ian Dury & The Blockheads
Stay With Me,Dave Gahan
I Got My Mind Made Up,Instant Funk
It Must Be Love,Alton McClain & Destiny
Babylon's Burning,The Ruts
Crazy Love,Poco
Glide,Pleasure
Free Me From My Freedom/Tie Me To A Tree (Handcuff Me),Bonnie Pointer
Keep On Dancin',Gary’s Gang
Gold,John Stewart
Only Love Can Break A Heart,Kenny Dale
"Baby, It's You",Promises
Everytime I Think of You,The Babys
Substitute,Clout
Love is in the Air,John Paul Young
Emotion,Samantha Sang
Baby Come Back,Player
King Tut,Steve Martin
If I Can't Have You,Yvonne Elliman
Hot Child In The City,Nick Gilder
Ca Plane Pour Moi,Plastic Bertrand
The Smurf Song,The Smurfs
I Love the Nightlife,Alicia Bridges
Sometimes When We Touch,Dan Hill
Dancing in the City,Marshall Hain
A Lover's Question,Jacky Ward
You're The Greatest Lover,Luv’
Long Stroke,ADC Band
Because the Night,Patti Smith Group
Livin' It Up (Friday Night),Bell & James
Forever Autumn,Jeff Wayne
Disco To Go,The Brides of Funkenstein
Let's All Chant,The Michael Zager Band
Don't Hold Back,Chanson
Runaway Love,Linda Clifford
Now That We've Found Love,Third World
Automatic Lover,Dee D. Jackson
Bustin' Loose (Part 1),Chuck Brown & The Soul Searchers
Riding High,Faze‐O
Dance Across the Floor,Jimmy “Bo” Horne
"Let Me Party with You (Party, Party, Party)",Bunny Sigler
One For You One For Me,La Bionda
New York Groove,Ace Frehley
Feels So Good,Chuck Mangione
"Funk 'N' Roll (Dancin' In The ""Funkshine"")",Quazar
Let's Start the Dance,Hamilton Bohannon
Public Image,Public Image Ltd
Soul Man,Blues Brothers
You,The McCrarys
Don't Let Me Be Misunderstood,Santa Esmeralda
Whispering/Cherchez la Femme/Se Si Bon,Dr. Buzzard’s Original Savannah Band
Don't Cry For Me Argentina,Julie Covington
Don't Give Up On Us,David Soul
Don't Leave Me This Way,Thelma Houston
You Can't Turn Me Off (in the Middle of Turning Me On),High Inergy
Magic Fly,Space
Angel in Your Arms,Hot
Torn Between Two Lovers,Mary MacGregor
Devil's Gun,C.J. & Co
Float On,The Floaters
Star Wars Theme - Cantina Band,Meco
Fanfare for the Common Man,"Emerson, Lake & Palmer"
Smoke from a Distant Fire,Sanford & Townsend
Sometimes,The Facts of Life
Undercover Angel,Alan O’Day
Gonna Fly Now (Theme From 'Rocky'),Bill Conti
Brick House,The Hit Crew
I Will,Ruby Winters
Black Betty,Ram Jam
Let's Clean Up the Ghetto,Philadelphia International All Stars
Porque te vas,Jeanette
Under the Moon of Love,Showaddywaddy
"Somebody's Gotta Win, Somebody's Gotta Lose",The Controllers
Black is Black,Belle Epoque
Cocomotion,El Coco
Easy,The Commodores
I Remember Elvis Presley (The King is Dead),Danny Mirror
L'oiseau Et L'enfant,Marie Myriam
Superman,Celi Bee & The Buzzy Bunch
Do You Wanna Make Love?,Peter McCann
Heard It in a Love Song,The Marshall Tucker Band
Good Thing Man,Frank Lucas
Feelings,Walter Jackson
Rockcollection,Laurent Voulzy
"If It Don't Fit, Don't Force It",Kellee Patterson
I Like Dreamin',Kenny Nolan
Cheap Perfume And Candlelight,Bobby Borchers
God Save the Queen,Shellac
Don't Go Breaking My Heart,Kiki Dee
You've Got Me Runnin',Gene Cotton
A Fifth of Beethoven,Walter Murphy
Disco Duck,Rick Dees & His Cast of Idiots
Play That Funky Music,Wild Cherry
Lady Bump,Penny McLean
Moviestar,Harpo
Jeans On,David Dundas
Afternoon Delight,Starland Vocal Band
Baby Boy,Mary Kay Place
I Love to Love,Tina Charles
"More, More, More",The Andrea True Connection
Shannon,Henry Gross
Dream Weaver,Gary Wright
Good Hearted Woman,Waylon Jennings & Willie Nelson
Howzat,Sherbet
Arms of Mary,Sutherland Brothers & Quiver
Still the One,Orleans
Turn The Beat Around,Vicki Sue Robinson
You Are My Starship,Norman Connors
The Blind Man In The Bleachers,Kenny Starr
You to Me Are Everything,The Real Thing
Rocky,Frank Farian
I'm Easy,Keith Carradine
Theme from 'SWAT',Rhythm Heritage
The Best Disco in Town,The Ritchie Family
Welcome Back,John Sebastian
Home Made Love,Thom Bresh
Born To Get Down (Born To Mess Around),Muscle Shoals Horns
Love and Affection,Joan Armatrading
I Can Help,Billy Swan
"""They Just Can't Stop It"" The (Games People Play)",Spinners
Lady Marmalade,LaBelle
Chevy Van,Sammy Johns
"Shame, Shame, Shame",Shirley & Company
The Hustle,Van McCoy
The White Knight,Cledus Maggard & The Citizens Band
Love Won't Let Me Wait,Major Harris
I'm on Fire,Dwight Twilley Band
Loving You,Minnie Riperton
Dolannes-Melodie,Jean-Claude Borelly
18 with a Bullet,Pete Wingfield
Feelings,Morris Albert
I'm On Fire,5000 Volts
Ding-A-Dong,Teach‐In
Baby Face,Wing & A Prayer Fife & Drum Corps
Poetry Man,Phoebe Snow
Make Me Smile (Come Up & See Me),Steve Harley & Cockney Rebel
I Get High On You,Sly Stone
Doctor's Orders,Carol Douglas
Rockin'Chair,Gwen McCrae
To Each His Own,"Faith, Hope & Charity"
Ballroom Blitz,Brian Connolly’s Sweet
Sky High,Jigsaw
The Last Farewell,Roger Whittaker
At Seventeen,Janis Ian
Your Love,Graham Central Station
Barbados,Typically Tropical
El Bimbo,Bimbo Jet
Autobahn,Kraftwerk
L'ete Indien,Joe Dassin
Hope That We Can Be Together Soon,Sharon Paige
How Long?,Ace
7-6-5-4-3-2-1 (Blow Your Whistle),Gary Toms Empire
Tornero,I Santo California
Brass Buckles,Barbi Benton
Jackie Blue,The Ozark Mountain Daredevils
If,Telly Savalas
I'll Still Love You,Jim Weatherly
Dreaming a Dream,Crown Heights Affair
Loving You Will Never Grow Old,Lois Johnson
Make Me Feel Like A Woman,Jackie Carter
Sad Sweet Dreamer,Sweet Sensation
Kung Fu Fighting,Carl Douglas
Seasons in the Sun,Terry Jacks
Be Thankful for What You Got,William DeVaughn
No Charge,Melba Montgomery
The Entertainer,Marvin Hamlisch
Get Dancin',Disco Tex & The Sex-O-Lettes
Woman to Woman,Shirley Brown
Party Down - Part 1,Little Beaver
Love's Theme,Love Unlimited Orchestra
Cat's in the Cradle,Harry Chapin
Eres Tu (Touch The Wind),Mocedades
"Billy, Don't Be a Hero",Bo Donaldson and The Heywoods
Beach Baby,First Class
Get on My Love Train,La Costa Tucker
Midnight At the Oasis,Maria Muldaur
Spiders & Snakes,Jim Stafford
Tranen lugen nicht,Michael Holm
Smokin' in the Boys' Room,Brownsville Station
Streets of London,Ralph McTell
When The Morning Comes,Hoyt Axton
Welcome Home,Peters & Lee
Pillow Talk,Sylvia Robinson
The Morning After,Maureen McGovern
Stuck in the Middle With You,Stealers Wheel
Right Place Wrong Time,Dr. John
Brother Louie,Stories
Why Can't We Live Together?,Timmy Thomas
Doin' It to Death,Fred Wesley and The J.B.’s
Leaving Me,The Independents
Frankenstein,Edgar Winter
Misdemeanor,Foster Sylvers
Soul Makossa,Manu Dibango
Drift Away,Dobie Gray
Good Things,David Snell
Love Jones,Brighter Side of Darkness
See My Baby Jive,Wizzard
Duelling Banjos,Eric Weissberg
Oh Babe What Would You Say?,Hurricane Smith
Der Junge mit der Mundharmonika,Bernd Clüver
The Last Song,Edward Bear
Playground In My Mind,Clint Holmes
"Rednecks, White Socks And Blue Ribbon Beer",Johnny Russell
The Night The Lights Went Out In Georgia,Vicki Lawrence
Also Sprach Zarathustra (2001),Eumir Deodato
"""Having A Party"" medley",The Ovations
So Very Hard to Go,Tower of Power
Your Mama Don't Dance,Jim Messina
I'm Doin' Fine Now,New York City
Popcorn,Hot Butter
Beautiful Sunday,Daniel Boone
Layla,Derek and the Dominos
Got the All Overs for You (All Over Me),Freddie McGregor
Amazing Grace,The Royal Scots Dragoon Guards
Brandy (You're A Fine Girl),Looking Glass
Son of My Father,Chicory Tip
You Can Do Magic,Limmie & The Family Cookin’
Mouldy Old Dough,Lieutenant Pigeon
Songman,Cashman & West
Daddy Don't You Walk So Fast,Wayne Newton
Lady Eleanor,Lindisfarne
Precious & Few,Climax
Silver Machine,Hawkwind
I'm A Truck,Red Simpson
Troglodyte (Cave Man),The Jimmy Castor Bunch
Good Time Charlie's Got the Blues,Danny O’Keefe
I've Been Lonely for So Long,Frederick Knight
Nice To Be With You,Gallery
Hold Your Head Up,Argent
Long Haired Lover From Liverpool,Jimmy Osmond
Cherish,David Cassidy
Need You,David Rogers
Why Can't We Be Lovers,Holland‐Dozier
Honky Tonk (Part 1),The James Brown Soul Train
Think (About It),Lyn Collins
Sunshine,Jonathan Edwards
Easy Livin',Uriah Heep
Mammy Blue,Pop Tops
Put Your Hand in the Hand,Ocean
Butterfly,Danyel Gérard
Stay with Me,The Faces
Where Did Our Love Go,Donnie Elbert
The Night They Drove Old Dixie Down,Joan Baez
Mozart Symphony No 40 in G Minor,Waldo de Los Ríos
Mr Big Stuff,Jean Knight
Timothy,The Buoys
Do You Know What I Mean,Lee Michaels
Du,Peter Maffay
Funky Nassau (Part 1),The Beginning of the End
Always Remember,Bill Cantos
Borriquito,Peret
One Toke Over the Line,Brewer & Shipley
Woodstock,Matthews’ Southern Comfort
The Pushbike Song,The Mixtures
Theme From 'Love Story',Francis Lai
Tomorrow Night,Atomic Rooster
Double Barrel,Dave & Ansel Collins
Un Banc Un Arbre Une Rue,Séverine
Stay Awhile,The Bells
I Love You for All Seasons,The Fuzz
Smiling Faces Sometimes,The Undisputed Truth
Sweet City Woman,The Stampeders
Signs,Five Man Electrical Band
I Will Return,Springwater
Walk Away,James Gang
You're The Reason Why,The Ebonys
He's Gonna Step On You Again,John Kongos
Saturday Morning Confusion,Bobby Russell
She's All I Got,Freddie North
Spirit in the Sky,Norman Greenbaum
Yellow River,Christie
House of the Rising Sun,Frijid Pink
A Song Of Joy,Miguel Ríos
Na Na Hey Hey (Kiss Him Goodbye),Steam
Love Grows (Where My Rosemary Goes),Edison Lighthouse
Neanderthal Man,Hotlegs
Precious Precious,Jackie Moore
Ma belle amie,Tee-Set
Which Way You Goin' Billy?,The Poppy Family
Mademoiselle Ninette,Soulful Dynamics
5-10-15-20 (25-30 Years of Love),The Presidents
When A Man Loves A Woman (The Way That I Love You),Billy Larkin & The Delegates
Somebody's Been Sleeping,100 Proof (Aged in Soul)
All Kinds of Everything,Dana
Welfare Cadillac,Guy Drake
Green-eyed Lady,Sugarloaf
Vehicle,The Ides of March
Love Like a Man,Ten Years After
Gimme Dat Ding,The Pipkins
Sympathy,Rare Bird
Are You Ready?,Pacific Gas & Electric
Montego Bay,Bobby Bloom
To the Other Woman (I'm the Other Woman),Doris Duke
Comme j'ai toujours envie d'aimer,Marc Hamilton
Take A Letter Maria,Anthony Armstrong Jones
Joanne,Michael Nesmith
My Baby Loves Lovin',White Plains
The Rapper,The Jaggerz
I Love You,Otis Leavill
Mississippi Queen,Mountain
Indiana Wants Me,R. Dean Taylor
Lambada,Kaoma
No Myth,Michael Penn
Brother Of Mine,Anderson Bruford Wakeman Howe
Remember (The First Time),Eric Gable
C'mon and Get My Love,D Mob
Let the Day Begin,The Call
Dirty Cash (Money Talks),Adventures of Stevie V
"Baby, I Love Your Way",Will to Power
Something's Gotten Hold of My Heart,Marc Almond
Fisherman's Blues,The Waterboys
Bust a Move,Young MC
When I See You Smile,Bad English
Something To Hold On To,Trevor Rabin
Drive My Car,David Crosby
Can U Read My Lips,Z'Looke
See A Little Light,Bob Mould
Rock On,Michael Damian
Nightmares,Violent Femmes
Heaven Help Me,Deon Estus
Bring Me Edelweiss,Edelweiss
My Fantasy,Teddy Riley
All I Want Is Forever,James “J.T.” Taylor
Sweet Jane,Cowboy Junkies
Let Go,Sharon Bryant
Oh Daddy,Adrian Belew
Two Wrongs (Don't Make It Right),David Peaston
Into The Heart Of Love,The Mighty Lemon Drops
Similar Features,Melissa Etheridge
18 & Life,Skid Row
This Time,Kiara
Heaven,Warrant
Way Of The World,Max Q
French Kiss,Lil’ Louis
Waiting For Mary,Pere Ubu
When I'm With You,Sheriff
What I Am,Edie Brickell & New Bohemians
Pictures of Matchstick Men,Camper Van Beethoven
Sticks And Stones,Grady Harrell
On The Line,Tangier
Knockin' On Heaven's Door,Randy Crawford
Radio Silence,Boris Borisovich Grebenshchikov
Love Train,Holly Johnson
Don't Worry Be Happy,Bobby McFerrin
Just Got Paid,Johnny Kemp
Too Much Ain't Enough Love,Jimmy Barnes
Wild Wild West,The Escape Club
When the Children Cry,White Lion
Perfect,Fairground Attraction
First Time,Robin Beck
Love Changes,Kashif & Meli'sa Morgan
Get It On,Kingdom Come
Thanks for My Child,Cheryl Pepsii Riley
Teardrops,Womack & Womack
Wasting My Time,Jimmy Page
Roses Are Red,Mac Band
Theme From 'SExpress',S’Express
To Prove My Love,Michael Cooper
Superbad,Chris Jasper
Tribute (Right On),The Pasadenas
My Girl,Suave
She's Like the Wind,Patrick Swayze
Im Nin'Alu,Ofra Haza
Seasons Change,Exposé
Away,The Feelies
Stop,Sam Brown
Waiting For a Star to Fall,Boy Meets Girl
My One Temptation,Mica Paris
Yeke Yeke,Mory Kanté
Intoxication,Shriekback
I'm Not Your Man,Tommy Conwell and the Young Rumblers
Rev It Up,Jerry Harrison: Casual Gods
Love Changes Everything,Climie Fisher
I've Got A Feeling,The Screaming Tribesmen
The Race,Yello
Slow Turning,John Hiatt
Way Behind Me,The Primitives
Piano in the Dark,Brenda Russell
Fight (No Matter How Long),The Bunburys
The Promise,When in Rome
Common Ground,Rhythm Corps
Don't Turn Around,Aswad
I'm an Adult Now,The Pursuit of Happiness
La Bamba,Los Lobos
(I've Had) the Time of My Life,Bill Medley
Touch of Grey,Grateful Dead
Don't Shed a Tear,Paul Carrack
(I Just) Died in Your Arms Tonight,Cutting Crew
Don't Disturb This Groove,The System
Pump Up the Volume,M|A|R|R|S
C'est La Vie,Robbie Nevil
Funkytown,Pseudo Echo
Shattered Dreams,Johnny Hates Jazz
Heart & Soul,Pau
The Best Man In The World,Ann Wilson
China in Your Hand,T’Pau
Come As You Are,Peter Wolf
You're the Voice,John Farnham
Don't Go,Marlon Jackson
At This Moment,Billy Vera
I'm In Love,Lillo Thomas
Weapons Of Love,The Truth
Let it Be,Ferry Aid
Voyage Voyage,Desireless
Ghost On The Beach,Insiders
Caravan of Love,The Housemartins
Just That Type Of Girl,Madame X
Dirty Water,Rock & Hyde
Wonderful Life,Black
Sentimental Hygiene,Warren Zevon
You And Me Tonight,Déjà
Boys (Summertime Love),Sabrina Salerno
Walk On Fire,Little America
Living in a Box,Living in a Box
Paid in Full,Eric B. & Rakim
Let's Start Love Over,Miles Jaye
Walk the Dinosaur,Was (Not Was)
Heart Of Gold,Bert Robinson
Since You've Been Gone,The Outfield
6,Madhouse
Why Should I Cry?,Nona Hendryx
Gypsy Blood,Mason Ruffner
Tina Cherry,Georgio
The Fairytale of New York,The Pogues
Is This Love?,Alison Moyet
Thigh Ride,Tawatha Agee
Facts of Love,Jeff Lorber
The Lady in Red,Chris de Burgh
Closer Than Close,Jean Carne
Do You Get Enough Love,Shirley Jones
Until I Met You,Judy Rodman
The Way it Is,Bruce Hornsby & The Range
Ain't Nothin' Goin' On But the Rent,Gwen Guthrie
I Can't Wait,Nu Shooz
The Rain,Oran ‘Juice’ Jones
Don't Leave Me This Way,The Communards
Don't Forget Me (When I'm Gone),Glass Tiger
Serious,Donna Allen
Welcome To The Boomtown,David & David
Baby's Got a New Baby,"Schuyler, Knobloch & Overstreet"
Holiday Rap,MC Miker G & DJ Sven
I Want to Wake Up With You,Boris Gardiner
What About Love,’Til Tuesday
Savin' My Love For You,Micky Dolenz
Two Of Hearts,Stacey Q
Let's Go All the Way,Sly Fox
Rumors,Timex Social Club
Spirit in the Sky,Doctor and the Medics
I'm Not Gonna Let (You Get the Best of Me),Colonel Abrams
We Don't Have to Take Our Clothes Off,Jermaine Stewart
I Wanna Be A Cowboy,Boys Don’t Cry
I Can Prove It,Phil Fearon
Party Freak,Ca$hflow Harlem
Friends & Lovers,Gloria Loring
No Easy Way Out,Robert Tepper
When the Heart Rules the Mind,GTR
We Are the World,USA for Africa
The Power of Love,Jennifer Rush
(No Matter How High I Get) I'll Still Be Looking Up To You,Wilton Felder
Tarzan Boy,Baltimora
Life in a Northern Town,The Dream Academy
Highwayman,The Highwaymen
People Get Ready,Jeff Beck
Axel F,Harold Faltermeyer
Live Is Life,Opus
(I'll Never Be) Maria Magdalena,Sandra
A Good Heart,Feargal Sharkey
Walking On Sunshine,Katrina and the Waves
Men Without Shame,"Phantom, Rocker and Slick"
Caravan of Love,Isley Jasper Isley
Miami Vice Theme,Jan Hammer
Everybody Dance,Ta Mara and The Seen
I Should Have Known Better,Jim Diamond
All Of Me For All Of You,9.9
Some Like it Hot,The Power Station
Election Day,Arcadia
Sidewalk Talk,Jellybean
A Fly Girl,Boogie Boys
Kayleigh,Marillion
Obsession,Animotion
Never Surrender,Corey Hart
Stand By Me,Maurice White
Lay It Down,Ratt
Love & Pride,King
Who Do You Love,Bernard Wright
Could It Be I'm Falling in Love,David Grant
Go For Soda,Kim Mitchell
All I Need,Jack Wagner
Object of My Desire,Starpoint
I Wanna Say Yes,Louise Mandrell
Cry,Godley & Creme
Fall Down (Spirit Of Love),Tramaine
In My House,Mary Jane Girls
Do They Know It's Christmas?,Band Aid
You're Gettin' To Me Again,Jim Glaser
Don't Look Any Further,Dennis Edwards
Somebody's Watching Me,Rockwell
Got a Hold on Me,Christine McVie
Breakin'...There's No Stopping Us,Ollie & Jerry
Had A Dream (Sleeping With The Enemy),Roger Hodgson
Talking in Your Sleep,The Romantics
To All the Girls I've Loved Before,Julio Iglesias
Taxi,J. Blackfoot
Never Ending Story,Limahl
Friends,Whodini
If Love Should Go,Streets
Girls With Guns,Tommy Shaw
So You Ran,Orion the Hunter
Break My Stride,Matthew Wilder
Somebody Else's Guy,Jocelyn Brown
Oh Sherrie,Steve Perry
"You Get The Best From Me (Say, Say, Say)",Alicia Myers
Shackles,R.J.’s Latest Arrival
Modern Day Delilah,Van Stephenson
Only You,The Flying Pickets
Centipede,Rebbie Jackson
Wouldn't it Be Good,Nik Kershaw
Send Me an Angel,Real Life
Call to the Heart,Giuffria
Midnite Maniac,Krokus
Electric Kingdom,Twilight 22
The Last In Line,Dio
High Energy,Evelyn Thomas
Eat It,“Weird Al” Yankovic
Sweet Country Music,Atlanta
Little Lady,Duke Jupiter
Beat Street Breakdown - Part I,Grandmaster Melle Mel
We're Not Gonna Take It,Twisted Sister
Atomic Dog,George Clinton
99 Red Balloons,Nena
99 Luftballons,Nena
Maniac,Michael Sembello
The Safety Dance,Men Without Hats
Too Shy,Kajagoogoo
Major Tom (Coming Home),Peter Schilling
Puttin' on the Ritz,Taco
Rockit,Herbie Hancock
She Blinded Me With Science,Thomas Dolby
I Melt With You (1983 Version),Modern English
Stop Doggin' Me Around,Klique
Dolce Vita,Ryan Paris
Yah Mo B There,James Ingram
I Like Chopin,Gazebo
Strange Dreams,Frank Marino
They Don't Know,Tracey Ullman
Save Your Love,Renée & Renato
Far From Over,Frank Stallone
Who's Behind The Door?,Zebra
Too Tough,Angela Bofill
Last Night a DJ Saved My Life,Indeep
Vamos a la playa,Righeira
I.O.U.,Freeez
It's Raining Men,The Weather Girls
Do It Again/Billie Jean (Medley),Club House
(There's) Always Something There to Remind Me,Naked Eyes
Walking In L.A.,Missing Persons
Der Kommissar,After the Fire
In a Big Country,Big Country
Knockout,Margie Joseph
Cum On Feel the Noize,Quiet Riot
Pass the Dutchie,Musical Youth
Words,F.R. David
Jack & Diane,Pickin’ On Project
Mickey,Toni Basil
Da Da Da ich lieb dich nicht du liebst mich nicht aha aha aha,Trio
I've Never Been to Me,Charlene
I Know There's Something Going On,Anni-Frid Lyngstad
Zoom,Fat Larry’s Band
If It Ain't One Thing...It's Another,Richard Dimples Fields
The Message,Grandmaster Flash & The Furious Five
TROUBLE,Lindsey Buckingham
Murphy's Law,Cheri
Goody Two Shoes,Adam Ant
Addicted,LeRoux
Don't Go,Yazoo
Reality,Richard Sanderson
Don't Let Him Know,Prism
Work That Sucker To Death,Xavier
The Lion Sleeps Tonight,Tight Fit
So Fine,Howard Johnson
867-5309 (Jenny Jenny),Tommy Tutone
Right The First Time,Gamma
Nasty Girl,Vanity 6
Pac-man Fever,Buckner & Garcia
A Million Miles Away,The Plimsouls
I'll Find My Way Home,Jon and Vangelis
Can't Take My Eyes Off You,Boys Town Gang
Key Largo,Bertie Higgins
Mega Force,707
Planet Rock,Afrika Bambaataa
I Won't Let You Down,PHD
Valley Girl,Frank Zappa
Talk Talk,Talk Talk
Skandal im Sperrbezirk,Spider Murphy Gang
Crazy (Keep On Falling),The John Hall Band
Love Plus One,Haircut One Hundred
Felicita,Al Bano & Romina Power
Adios Amor,Andy Borg
Do Something,Goodie
The Clapping Song,Pia Zadora
Bette Davis Eyes,Kim Carnes
Tainted Love,Soft Cell
Shaddup You Face,Joe Dolce
Party Time,G Squad
Double Dutch Bus,Frankie Smith
Japanese Boy,Aneka
Genius of Love,Tom Tom Club
Fade to Grey,Visage
Theme From 'Greatest American Hero' (Believe It Or Not),Joey Scarbury
Fly Away,Blackfoot
Vienna,Ultravox
Heading Out To The Highway,Judas Priest
Sweet Baby,Stanley Clarke
Stop the Cavalry,Jona Lewie
Ghost Town,The Specials
Remote Control,The Reddings
Edge Of Sundown,Danny Joe Brown
Little Sister,Rockpile
On The Beat,The B.B. & Q. Band
Somebody's Knockin',Terri Gibbs
Stars On 45 Vol 2,Starsounds
Angel of Mine,Frank Duval
Rock And Roll Dreams Come Through,Jim Steinman
I Have The Skill,The Sherbs
Hearts,Marty Balin
Hooked On Classics,Royal Philharmonic Orchestra
Bon Bon Vie (Gimme the Good Life),T.S. Monk
Very Special,Debra Laws
I'll Do Anything for You,Denroy Morgan
Walking into Sunshine,Central Line
Heartbeat,Taana Gardner
Fool By Your Side,Dave Rowland
Make Up Your Mind,Aurra
A Woman's Got The Power,The A’s
Dance Little Bird,De Electronica's
Blue Jeans,Chocolate Milk
Funkytown,"Lipps, Inc."
Killin' Time,J. Fred Knobloch
Rapper's Delight,The Sugarhill Gang
Peanut Butter,Twennynine with Lenny White
Sun Of Jamaica,Goombay Dance Band
Tired of Toein' The Line,Rocky Burnette
"Bounce, Rock, Skate, Roll Pt.1",Vaughan Mason & Crew
Everybody's Got to Learn Sometime,The Korgis
I Got You,Split Enz
Together,Tierra
Whip It,DEVO
The Breaks,Kurtis Blow
Turning Japanese,The Vapors
Love Will Tear Us Apart,Joy Division
Take That Look Off Your Face,Marti Webb
Feels Like I'm in Love,Kelly Marie
I've Just Begun to Love You,Dynasty
Let Me Love You Tonight,Pure Prairie League
(Ghost) Riders in the Sky,Outlaws
Santa Maria,Roland Kaiser
Weekend,Earth and Fire
Into the Night,Benny Mardones
Computer Game (Theme from the Invaders),Yellow Magic Orchestra
Special Lady,"Ray, Goodman & Brown"
You And Me,Rockie Robbins
Que sera mi vida (If You Should Go),Gibson Brothers
All Night Thing,Invisible Man's Band
Santa Maria,Oliver Onions
You're Lying,Linx
I'm in the Mood For Dancing,The Nolans
You & Me,Spargo
Every Generation,Ronnie Laws
Mambo No 5 (A Little Bit of ...),Lou Bega
Kiss Me,Sixpence None the Richer
You Get What You Give,New Radicals
The Bad Touch,Bloodhound Gang
Who Dat,JT Money
Bring It All to Me,Blaque
Mas Tequila,Sammy Hagar and the Wabos
Guerilla Radio,Rage Against the Machine
You,Jesse Powell
No Pigeons,Sporty Thievz
Head,Tin Star
Steal My Sunshine,LEN
Flat Beat,Mr. Oizo
Do Right,Jimmie’s Chicken Shack
Better Off Alone,DJ Jurgen
15 Minutes,Marc Nelson
Better Days (And the Bottom Drops Out),Citizen King
It Ain't My Fault 2,Silkk the Shocker
Everybody's Free (To Wear Sunscreen),Baz Luhrmann
Summer Girls,LFO
Lullaby,Shawn Mullins
Fly,Loudmouth
Little Black Backpack,Stroke 9
2 Times,Ann Lee
"4,5,6",Solé
Level On The Inside,Dovetail Joint
Give it to You,Jordan Knight
Freak of the Week,Marvelous 3
You Got Me,The Roots
Got Your Money,Ol’ Dirty Bastard
Save Me,Aimee Mann
Westside,TQ
What'd You Come Here For?,Trina & Tamara
Bling Bling,B.G.
Nobody's Real,Powerman 5000
King of My Castle,Wamdue Project
Slave To The Habit,Shane Minor
Another Brick In The Wall (Part 2),Class of ’99
Stay the Same,Joey McIntyre
Stay the Night,iMX
Beautiful,Joydrop
A Bitter End,Deryl Dodd
Watch For The Hook,Cool Breeze
Crush,Jennifer Paige
Closing Time,Semisonic
Make It Hot,Nicole Wray
Ghetto Supastar (That is What You Are),Pras Michel
Big Big World,Emilia Mitiku
Save Tonight,Eagle‐Eye Cherry
Daydreamin',Tatyana Ali
Romeo And Juliet,Sylk-E. Fyne
High,Lighthouse Family
What If I Said,Anita Cochran
Jump Right In,The Urge
The Way,Fastball
"Truly, Truly",Grant Lee Buffalo
Music Sounds Better With You,Stardust
Flagpole Sitta,Harvey Danger
Hooch,Everything
Sex & Candy,Marcy Playground
Everything's Gonna Be Alright,sweetbox
Got You (Where I Want You),The Flys
Say It,Voices of Theory
Get 'Em Outta Here,Sprung Monkey
Be Careful,Sparkle
"Money, Power & Respect",The LOX
Kiss the Rain,Billie Myers
What I Didn't Know,Athenaeum
Am I Dreaming,Ol' Skool
Save Yourself,Stabbing Westward
9pm (Till I Come),ATB
Jump Jive An' Wail,The Brian Setzer Orchestra
Ghetto Cowboy,Mo’ Thugs
Do Your Thing,7 Mile
Battle Flag,Lo Fidelity Allstars
Brimful of Asha,Cornershop
Cherish,Pappa Bear
All 'Bout The Money,Meja
If You Tolerate This Your Children Will Be Next,Manic Street Preachers
Feel It,The Tamperer
Stand By Me,4 the Cause
From Your Mouth,God Lives Underwater
Destiny,Myron
The Mummer's Dance,Loreena McKennitt
Second Round K.O.,Canibus
Tragedy,Steps
I'll Be,Edwin McCain
Whatcha Gone Do?,Link
Boogie King,Screamin’ Cheetah Wheelies
Are You Jimmy Ray?,Jimmy Ray
How Do I Say I'm Sorry,Tami Davis
Tubthumping,Chumbawamba
My Body,LSG
Bitch,Meredith Brooks
Your Woman,White Town
Swing My Way,K.P. & Envyi
I Don't Ever Want to See You Again,Uncle Sam
Déjà Vu (Uptown Baby),Lord Tariq & Peter Gunz
My Baby Daddy,B-Rock & The Bizz
Time to Say Goodbye (Con Te Partiro),Sarah Brightman
Wash It Away,Black Lab
Brick,Ben Folds Five
Looking For,Stir
Sunny Came Home,Shawn Colvin
Big Daddy,Heavy D
Perfect Day,Various Artists
Sell Out,Reel Big Fish
I Care 'Bout You,Milestone
I'm Not Feeling You,Yvette Michele
Encore Une Fois,Sash!
For You,Kenny Lattimore
Lie To Me,Jonny Lang
Full Of Smoke,Christión
Hell,Squirrel Nut Zippers
Mann's Chinese,Naked
Hope In A Hopeless World,Widespread Panic
Resignation Superman,Big Head Todd and the Monsters
Take It To The Streets,Rampage
Here's Your Sign (Get the Picture),Bill Engvall
The Oaf,Big Wreck
If She Don't Love You,The Buffalo Club
Whateva Man,Redman
Free,Ultra Naté
The Theme (It's Party Time),Tracey Lee
Sunchyme,Dario G
This Lonely Place,Goldfinger
Let Me Clear My Throat,DJ Kool
Tic Tic Tac (Dance To Boi Bumba!),Carrapicho
Macarena,Los del Río
Missing,Everything but the Girl
Standing Outside a Broken Phone Booth with Money in My Hand,Primitive Radio Gods
One of Us,Joan Osborne
I Love You Always Forever,Donna Lewis
Spaceman,Babylon Zoo
How Bizarre,OMC
Where Do You Go?,No Mercy
Counting Blue Cars,Dishwalla
Breakfast At Tiffany's,Deep Blue Something
Coco Jamboo,Mr. President
Pepper,Butthole Surfers
Nobody Knows,The Tony Rich Project
The Lemon Tree,Fools Garden
Mouth,Merril Bainbridge
Mother Mother,Tracy Bonham
Theme From 'Mission Impossible',Adam Clayton
Anything,3T
I Don't Think I Will,James Bonamy
I Will Survive,Chantay Savage
Novocaine for the Soul,EELS
Born Slippy,Underworld
Ooh Aah... Just a Little Bit,Gina G
Ready To Go,Republica
I Got 5 On It,Luniz
C'Mon Ride the Train,Quad City DJ’s
Where Ever You Are,Terry Ellis
Insensitive,Jann Arden
Vanishing Cream,The Hunger
5 O'Clock,Nonchalant
Mysterious Girl,Peter Andre
Free,Phish
Bound for the Floor,Local H
The Things That You Do,Gina Thompson
Popular,Nada Surf
Hay,Crucial Conflict
Renee,Lost Boyz
6 Underground,Sneaker Pimps
Lie On Lie,Chalk FarM
Blackberry Molasses,Mista
House Keeper,Men of Vizion
Skin & Bones,The Hazies
I Wish,Skee-Lo
Scooby Snacks,Fun Lovin’ Criminals
Leave Me Alone,Jerry Cantrell
My Boo,Ghost Town DJ’s
One for the Money,Horace Brown
Not an Addict,K’s Choice
Po Pimp,Do or Die
Mighty K.C.,For Squirrels
Closer to Free,BoDeans
Here Comes the Hotstepper,Ini Kamoze
I'll Be There for You / You're All I Need to Get By,Method Man
Cumbersome,Seven Mary Three
Total Eclipse of the Heart,Nicki French
I'll Be There For You,The Rembrandts
I Know,Dionne Farris
Sour Times (Nobody Loves Me),Portishead
Natural One,The Folk Implosion
Stayin' Alive,N‐Trance
This Lil' Game We Play,Subway
When You Say Nothing at All,Alison Krauss
Friends Of P.,The Rentals
You Have The Right To Remain Silent,Perfect Stranger
I Believe,Blessid Union of Souls
Sick of Myself,Matthew Sweet
Possum Kingdom,Toadies
River of Deceit,Mad Season
Tell Me,Groove Theory
Freak Like Me,Adina Howard
How High,Method Man & Redman
A Girl Like You,Edwyn Collins
She Don't Use Jelly,The Flaming Lips
Should've Asked Her Faster,Ty England
We Must Be In Love,Pure Soul
Here & Now,Letters to Cleo
I Like,Kut Klose
Where the Wild Roses Grow,Nick Cave & the Bad Seeds
Short Dick Man,20 Fingers
If You Think You're Lonely Now,K‐Ci
Mishale,Andru Donalds
Sugar Hill,AZ
Down by the Water,PJ Harvey
In The House Of Stone & Light,Martin Page
Roll to me,Del Amitri
Walk This World,Heather Nova
Chains,Tina Arena
I Wanna Love Like That,Tony Thompson
Set U Free,Planet Soul
The Bomb! (These Sounds Fall Into My Mind),The Bucketheads
This Is Me Missing You,James House
He's Mine,MoKenStef
I Never Seen A Man Cry (aka I Seen A Man Die),Scarface
Common People,Pulp
Weird-Out,Dandelion
Carnival,Natalie Merchant
Woman To Woman,Jewell
I Wanna Be a Hippy,Technohead
Love is All Around,Wet Wet Wet
Fall Down,Toad the Wet Sprocket
Mmm Mmm Mmm Mmm,Crash Test Dummies
"Baby, I Love Your Way",Big Mountain
7 Seconds,Youssou N’Dour
Saturday Night,Whigfield
Rhythm of the Night,Corona
Sukiyaki,4 P.M.
Kite,Nick Heyward
U Will Know,Black Men United
Tootsee Roll,69 Boyz
Backwater,Meat Puppets
High Road Easy,Sass Jordan
I Like to Move It,Reel 2 Real
I Can See Clearly Now,Jimmy Cliff
Push Comes To Shove,Jackyl
Seether,Veruca Salt
Gangsta Lean,DRS
Inside,Stiltskin
I Miss You,N II U
Watch The Girl Destroy Me,Possum Dixon
Doop,Doop
Things Can Only Get Better,D:Ream
Baby Come Back,Pato Banton
Cut Your Hair,Pavement
Come Baby Come,K7
90's Girl,Blackgirl
Here Comes A Man,Traffic
Your Love Is A 187,Whitehead Brothers
21st Century (Digital Boy),Bad Religion
Back in the Day,Ahmad
Old Times' Sake,Sweet Sable
"Girl, You'll Be A Woman Soon",Urge Overkill
Informer,Snow
What's Up?,4 Non Blondes
I'm Gonna Be (500 miles),The Proclaimers
Whoomp! (There it Is),Tag Team
Cantaloop (Flip Fantasia),Us3
More & More,Captain Hollywood Project
Get Out Of Control,Daniel Ash
Feed the Tree,Belly
Nobody Wins,Radney Foster
Something's Goin' On,U.N.V.
"Whoot, There It Is",95 South
Cannonball,The Breeders
Rebirth of Slick (Cool Like Dat),Digable Planets
So Alone,Men at Large
Hocus Pocus,Gary Hoey
Three Little Pigs,Green Jellÿ
Crank,Catherine Wheel
Take Me Anywhere,School of Fish
Cry No More,II D Extreme
The Hunter,Paul Rodgers
U.N.I.T.Y.,Queen Latifah
Slam,Onyx
Metal Mickey,Suede
Give it Up,Cut ’n’ Move
Sodajerk,Buffalo Tom
Alright Already,Larry Stewart
Being Simple,The Judybats
The Key the Secret,Urban Cookie Collective
Dazzey Duks,Duice
Dogs of Lust,The The
Two Worlds Collide,Inspiral Carpets
Laid,James
She Got Me (When She Got Her Dress On),Masters of Reality
Movin' On Up,M People
The Ubiquitous Mr Lovegrove,Dead Can Dance
My Sister,The Juliana Hatfield Three
Would I Lie to You?,Charles & Eddie
Stay,Shakespears Sister
Baby Got Back,Sir Mix‐A‐Lot
Not Sleeping Around,Ned’s Atomic Dustbin
Sleeping Satellite,Tasmin Archer
Jump Around,House of Pain
She's Mad,David Byrne
It's My Life,Dr. Alban
Please Don't Go,KWS
Star Sign,Teenage Fanclub
Ditty,Paperboy
Love U More,Sunscreem
Rump Shaker,Wreckx‐N‐Effect
Here We Go Again!,Portrait
Connected,Stereo MCs
How Do You Talk To An Angel,The Heights
Sometimes Love Just Ain't Enough,Patty Smyth
Helpless,Sugar
Ain't No Doubt,Jimmy Nail
It's Gonna Be a Lovely Day,The S.O.U.L. S.Y.S.T.E.M.
Shuffle It All,Izzy Stradlin and the Ju Ju Hounds
Haven't Got A Clue,Dramarama
Start The Car,Jude Cole
I Got a Man,Positive K
Spiritual High (State Of Independence) Part II,Moodswings
Someone to Hold,Trey Lorenz
Live & Learn,Joe Public
They Want EFX,Das EFX
You,Ten Sharp
Even the Man in the Moon Is Cryin',Mark Collie
Don't You Want Me,FELIX
Wishing On a Star,The Cover Girls
Flex,Mad Cobra
Fabulous,Happyhead
Real Love,Lorenzo
Whatcha Gonna Do With A Cowboy,Chris LeDoux
Walk On Faith,Mike Reid
Unbelievable,EMF
How Can I Ease the Pain,Lisa Fischer
Because I Love You (The Postman Song),Stevie B
Good Vibrations,Marky Mark and The Funky Bunch
Telephone Song,The Vaughan Brothers
The One & Only,Chesney Hawkes
Call Me,Phil Perry
After The Dance,Fourplay
Men,Gladys Knight
One More Try,Timmy T
Touch Me (All Night Long),Cathy Dennis
Sweetness And Light,Lush
Movin' On Up,Primal Scream
Take 5,Northside
Kissing You,Keith Washington
Tomorrow Never Knows,Danielle Dax
Face The Music,RTZ
Senza Una Donna (Without a Woman),Zucchero
Everybody's Free (To Feel Good),Rozalla
Its Love,King’s X
Falling,Julee Cruise
Always Look On the Bright Side of Life,Monty Python
Reach The Rock,Havana 3 A.M.
Wiggle It,2 in a Room
Unreal World,The Godfathers
Do Anything,Natural Selection
What A Way To Go,Ray Kennedy
Get Here,Oleta Adams
A Long Time Ago,The Remingtons
Hold You Tight,Tara Kemp
My Heart Is Failing Me,Riff
Sunless Saturday,Fishbone
Pearl,Chapterhouse
I've Been Thinking About You,Londonbeat
Cuts You Up,Peter Murphy
So You Like What You See,Samuelle
Black Velvet,Alannah Myles
Joey,Concrete Blonde
Tom's Diner,DNA
Groove is in the Heart,Deee‐Lite
More,The Sisters of Mercy
Kinky Afro,Happy Mondays
Dreamtime,The Heart Throbs
Blaze of Glory,Jon Bon Jovi
Jealous,Gene Loves Jezebel
Stone Cold Yesterday,The Connells
(Can't Live Without Your) Love & Affection,Nelson
Dub Be Good to Me,Beats International
The Crying Scene,Aztec Camera
Show Me Heaven,Maria McKee
Don't Wanna Fall in Love,Jane Child
Two To Make It Right,Seduction
There She Goes,The La’s
Slow Motion,Gerald Alston
Standing There,The Creatures
I'll Be Your Everything,Tommy Page
Heaven Knows,Lalah Hathaway
Iceblink Luck,Cocteau Twins
Killer,Adamski
Brickyard Road,Johnny Van Zant
Hippychick,Soho
Let's Get It On,By All Means
I Wanna Be Rich,Calloway
Anytime,McAuley-Schenker Group
It's a Shame (My Sister),Monie Love
Shelter Me,Cinderella
The Humpty Dance,Digital Underground
I Think I Love You Too Much,The Jeff Healey Band
It's Gonna Be Alright,Ruby Turner
If Wishes Came True,Sweet Sensation
Celebrate,An Emotional Fish
Itsy Bitsy Teeny Weeny Yellow Polka Dot Bikini,Bombalurina
Livin' in the Light,Caron Wheeler
Ghetto Heaven,The Family Stand
Sending All My Love,Linear
Crystal Clear,The Darling Buds
Knockin' Boots,Candyman
Got to Get,Leila K
I'm Free,The Soup Dragons
Can't Get Enuff,Winger
It's Time,The Winans
All Together Now,The Farm
The King of Wishful Thinking,Go West
Here's Where the Story Ends,The Sundays
Just a Friend,Biz Markie
Girls Nite Out,Tyler Collins
Hello,The Beloved
Turtle Power,Partners in Kryme
I Promised Myself,Nick Kamen
Jay Ho (you Are My Destiny),A. R. Rahman
I Love College,Asher Roth
Bulletproof!,La Roux
Untouched,The Veronicas
Sweet Disposition,The Temper Trap
Ayo Technology,Milow
Ain't I,Yung L.A.
I've Got Friends,Manchester Orchestra
Seasons,The Veer Union
You're a Jerk,New Boyz
Fairytale,Alexander Rybak
Crawl Back In,Dead by Sunrise
Swag Surfin,Fast Life Yungstaz
Heavy Cross,Gossip
Pussy,Rammstein
Stanky Legg,GS Boyz
According to You,Orianthi
Number 1,Tinchy Stryder
On the Ocean,K'Jon
Epiphany (I'm Leaving),Chrisette Michele
Shuttin' Detroit Down,John Rich
If A Song Could Get Me You,Marit Larsen
I Look Good,Chalie Boy
Irgendwas bleibt,Silbermond
The Boy Does Nothing,Alesha Dixon
My Best Days Are Ahead of Me,Danny Gokey
Shake It,Metro Station
Sweet About Me,Gabriella Cilmi
Paper Planes,M.I.A.
Love Me Dead,Ludo
Broken Again,Another Animal
Beggin',Madcon
Cry For You,September
She Got It,2 Pistols
Dey Know,Shawty Lo
Built To Last,Mêlée
Infinity 2008,Guru Josh Project
Kids,MGMT
Dangerous,Kardinal Offishall
Get Silly,V.I.C.
So Fly,Slim
Fall For You,Secondhand Serenade
Help Me,Alkaline Trio
In This City,Iglu & Hartly
New Soul,Yael Naïm
Hero,The X Factor Finalists 2008
Johnny & June,Heidi Newfield
Lookin Boy,Hotstylz
Handlebars,Flobots
Damaged,Danity Kane
They Say,Scars on Broadway
"Too Much, Too Young, Too Fast",Airbourne
Kuschel Song,Schnuffel
Love is you,Thomas Godoj
Ella elle l'a,Kate Ryan
I'm Not Over,Carolina Liar
You Can Let Go,Crystal Shawanda
That Song In My Head,Julianne Hough
The River,Noel Gourdin
Hey There Delilah,Plain White T’s
Rehab,Amy Winehouse
Hallelujah,Jeff Buckley
"Pop, Lock & Drop It",Huey
Life Is Beautiful,Sixx:A.M.
Ruby,Kaiser Chiefs
Here in your Arms,hellogoodbye
Int'l Players Anthem (I Choose You),Underground Kingz
Hard Sun,Eddie Vedder
Believe,The Bravery
Breathe Into Me,Red
Whine Up,Kat DeLuna
D.A.N.C.E.,Justice
Walk Away (remember Me),Paula DeAnda
Tell Me 'bout It,Joss Stone
Wait For You,Elliott Yamin
Dance Of The Manatee,Fair to Midland
Stiff Kittens,Blaqk Audio
The Running Free,Coheed and Cambria
Hood Figga,Gorilla Zoe
Flathead,The Fratellis
What Time Is It?,Disney
I Don't Wanna Be In Love,The Madden Brothers
I Got More,Cole Deggs & the Lonesome
Party Like A Rockstar,Shop Boyz
Island (Float Away),The Starting Line
Foundations,Kate Nash
Money In The Bank,Swizz Beatz
Crazy,Gnarls Barkley
I Loved Her First,Heartland
Shoulder Lean,Young Dro
I Wish I Was A Punk Rocker (With Flowers In My Hair),Sandi Thom
Tear You Apart,She Wants Revenge
Throw Some D's,Rich Boy
Me & U,Cassie
Stars Are Blind,Paris Hilton
Kryptonite (I'm On It),Purple Ribbon All-Stars
What's Left Of Me,Nick Lachey
Paralyzed,Rock Kills Kid
Gettin' Some,Shawnna
Young Folks,Peter Bjorn and John
Hard Rock Hallelujah,Lordi
When Your Heart Stops Beating,+44
Put Your Records On,Corinne Bailey Rae
Victim,Eighteen Visions
Move,Thousand Foot Krutch
Chain Hang Low,Jibbs
The Way I Live,Baby Boy Da Prince
Goodbye,Army of Anyone
Where'd You Go,Fort Minor
Rock Yo Hips,Crime Mob
Sister,Scoundrels (3)
No Promises,Shayne Ward
Need A Boss,Shareefa
Snow! Snow! Snow!,KinKi Kids
There It Go (The Whistle Song),Juelz Santana
Wings Of A Butterfly,HIM
Ghetto Story (Chapter 2),Cham
Splash,B’z
On Again Tonight,Trent Willmon
Breaking Free,High School Musical Cast
Put Your Hands Up For Detroit,Fedde Le Grand
Back Like That,Ghostface Killah
No Tomorrow,Orson
Do I Make You Proud,Taylor Hicks
Ridin',Chamillionaire
Lipstick,Rockie Lynne
Bad Day,Daniel Powter
La Camisa Negra,Juanes
Big City Life,Mattafix
Listen to Your Heart,D.H.T.
When I'm Gone (Sadie),No Address
Laffy Taffy,D4L
So Seductive,Tony Yayo
Cold (But I'm Still Here),Evans Blue
Walking Dead,Z‐Trip
Shine It All Around,Robert Plant and the Strange Sensation
Don't Ask Me How I Know,Bobby Pinson
Obsession (No Es Amor),Frankie J
Girlfight,Brooke Valentine
Hollow,Submersed
The Great Divide,Scott Stapp
Breakin',The Music
Dem Boyz,Boyz N Da Hood
Bom Bom Bom,Living Things
Heard 'Em Say,Kanye West Tribute Band
Taurus Here,Taurus
Back Then,Mike Jones
JCB Song,Nizlopi
My Way,Def Tech
I'm A King,P$C
Collide,Howie Day
F**k it (I Don't Want You Back),Eamon
Dragostea Din Tei,O-Zone
Do They Know It's Christmas?,Band Aid 20
I Don't Wanna Know,Mario Winans
Turn Me On,Kevin Lyttle
Call On Me,Eric Prydz
Superstar,Jamelia
Ugly,The Exies
Move Ya Body,Nina Sky
Pieces of Me,Ashlee Simpson
Obsession,Aventura
Mad World,Michael Andrews
Heaven,Los Lonely Boys
FURB (F U Right Back),Frankee
Redefine,Soil
Lean Back,Terror Squad
Dry Your Eyes,The Streets
Some Cut,Trillville
Tipsy,J-Kwon
1985,Bowling for Soup
Break Down Here,Julie Roberts
I Like That,Houston
Slow Hands,Interpol
Welcome to My Life,Simple Plan
She Wants to Move,N*E*R*D
So Far So Good,Thornley
I Can't Wait,Sleepy Brown
Mono,Courtney Love
Men Don't Change,Amy Dalley
Hit That,Offspring
Selfish,Slum Village
Jook Gal (Wine Wine),Elephant Man
Paint Me A Birmingham,Ken Mellons
Femme Like U (Donne moi ton corps),K‐Maro
Sunday,Lo‐Pro
Lola's Theme,The Shapeshifters
Never Leave You (Uh Oooh Uh Oooh),Lumidee
In the Shadows,The Rasmus
Damn!,YoungBloodZ
I Believe in a Thing Called Love,The Darkness
Picture,Allison Moorer
Move Your Feet,Junior Senior
I Can Only Imagine,MercyMe
Mundian to Bach Ke,Panjabi MC
Sorry Seems to Be the Hardest Word,Blue
Do You Call My Name,Ra
Say Yes,Floetry
Bottom of a Bottle,Smile Empty Soul
Never Scared,Bone Crusher
Wat da Hook Gon Be,Murphy Lee
Jerk it Out,Caesars
Take It Off,The Donnas
No Letting Go,Wayne Wonder
Beautiful Goodbye,Jennifer Hanson
I Can't Be Your Friend,Rushlow
Bridge Over Troubled Water,Clay Aiken
Emotional Rollercoaster,Vivian Green
Diamonds And Guns,Transplants
Blackout,(həd) p.e.
Be Faithful,Fatman Scoop
Pump It Up,Joe Budden
Bad Boy This Bad Boy That,Da Band
Born to Try,Delta Goodrem
Imprint,doubleDrive
Chihuahua,DJ BoBo
I Can't Take You Anywhere,Scotty Emerick
Nu Flow,Big Brovaz
Gigolo,Nick Cannon
Don't Wanna Try,Kumbia Kings
Scandalous,Mis-Teeq
Farther,Outspoken
Leave Right Now,Will Young
Aicha,Outlandish
One Last Time,Dusty Drake
The Ketchup Song (Asereje),Las Ketchup
A Thousand Miles,Vanessa Carlton
Wherever You Will Go,The Calling
The Hero,Chad Kroeger
Down 4 U,Irv Gotti Presents The INC.
Heaven,DJ Sammy
Superman (It's Not Easy),Five for Fighting
What If She's An Angel,Tommy Shane Steiner
Still Fly,Big Tymers
Honestly,Zwan
The Logical Song,Scooter
You Can't Hide Beautiful,Aaron Lines
Nothing in This World,"Ke'Tara Shavon ""Keke"" Wyatt"
Adriana,Headstrong
Don't You Forget It,Glenn Lewis
Good Times,Styles P
Super Woman,GTS
Forgive,Rebecca Lynn Howard
Murder On the Dancefloor,Sophie Ellis‐Bextor
Kiss Kiss,Holly Valance
Get Away,Earshot
These Are The Days,Holly Lamar
Like a Prayer,Mad’House
Before I Knew Better,Brad Martin
Po' Folks,Nappy Roots
Hey Mister,Custom
Round And Round Remix,Jonell
Days Go By,Dirty Vegas
Addictive,Truth Hurts
Get Over It,OK Go
Adrenaline,Gavin Rossdale
Starry Eyed Surprise,Paul Oakenfold
Colourblind,Darius
Hate to Say I Told You So,The Hives
Barbed Wire And Roses,PinMonkey
If That Ain't Country,Anthony Smith
Goodbye On A Bad Day,Shannon Lawson
Perdono,Tiziano Ferro
If I Could Go!,Angie Martinez
Blue Be-bop,RIP SLYME
No Light,3rd Strike
Look At Me Now,Sixwire
Because I Got High,Afroman
My Baby,Maserati Rome
Heard It All Before,Sunshine Anderson
Teenage Dirtbag,Wheatus
Smooth Criminal,Alien Ant Farm
He Loves U Not,Kidz Bop
Bizounce,Olivia
Killing The Fly,The Union Underground
"Lights, Camera, Action!",Mr. Cheeks
She's All I Got,Jimmy Cozier
The Way You Like It,Adema
She Misses Him,Tim Rushlow
Sing,Travis
After Party,Koffee Brown
Sweet Daze,pete.
Miss California,Dante Thomas
Oochie Wally,QB Finest
Me gustas tu,Manu Chao
Party Hard,Andrew W.K.
You Go Your Way,CHEMISTRY
What If...,Kate Winslet
Flavor of the Weak,American Hi‐Fi
Pain,Stereomud
Moi... Lolita,Alizée
Things I've Seen,Spooks
Beginning Of The End,Systematic
Something,Lasgo
Name Of The Game,The Crystal Method
What Took You So Long?,Emma Bunton
Rapture (Tastes So Sweet),iiO
Makin' Money,Handsome Devil
Project Chick,Cash Money Millionaires
Soul Sista,Bilal
Ante Up,M.O.P.
Is That Your Chick,Memphis Bleek
My Happiness,Powderfinger
Pure & Simple,Hear’Say
What A Day,Nonpoint
I Try,Macy Gray
Outside,Aaron Lewis
He Loves U Not,Dream
Who Let the Dogs Out?,Baha Men
It Feels So Good,Sonique
Lady (Hear Me Tonight),Modjo
Groovejet (If This Ain't Love),Spiller
Freestyler,Bomfunk MC’s
Gotta Tell You,Samantha Mumba
Liar,Profyle
No More (Baby I'ma Do Right),3LW
Sandstorm,Darude
Breathless,The Corrs
Wobble Wobble,504 Boyz
One Night Stand,J‐Shin
Flowers On The Wall,Eric Heatherly
N.I.B.,Primus
Goodbye Lament,Tony Iommi
Dance With Me,Debelah Morgan
I Like It,Sammie
Dance Tonight,Lucy Pearl
Everything You Want,Vertical Horizon
Boyz-N-The-Hood,Dynamite Hack
Callin' Me,Lil’ Zane
Whoa!,Black Rob
Angel's Son,Strait Up
Around The World (La La La La La),ATC
Take That,Torrey Carter
Meanwhile Back At The Ranch,The Clark Family Experience
Back Here,BBMak
Open My Heart,Yolanda Adams
Everything,MISIA
Bad Boyz,Shyne
Never Gonna Come Back Down,BT
X,Xzibit
Babylon,David Gray
The Christmas Shoes,NewSong
Painted Perfect,One Way Ride
Don't Call Me Baby,Madison Avenue
Karma,Diffuser
Absolutely (Story of a Girl),Nine Days
Silence,Delerium
Step into the Light,Dust for Life
"Left, Right, Left",Drama
PILLOWTALK,ZAYN
"Me, Myself & I",G‐Eazy
Forever Country,"Artists of Then, Now & Forever"
Faded,Alan Walker
Broccoli,DRAM
7 Years,Lukas Graham
Juju On That Beat (TZ Anthem),Zay Hilfigerrr
Fast Car - Radio Edit,Jonas Blue
Burning House,Cam
Spirits,The Strumbellas
Trip Switch,Nothing But Thieves
Don't Mind,Kent Jones
Sugar (feat. Francesco Yates),Robin Schulz
Mountain At My Gates,Foals
All We Ever Knew,The Head and the Heart
Sleep Without You,Brett Young
Deja Vu,J Álvarez
Cake By The Ocean,DNCE
Ooouuu,Young M.A
Caroline,Aminé
All My Friends,Snakehips
Where Are Ü Now (with Justin Bieber),Jack Ü
River,Bishop Briggs
Hide Away,Daya
Chill Bill,Rob $tone
YOUTH,Troye Sivan
Prophets Of Rage,Prophets of Rage
I Met A Girl,William Michael Morgan
Rock On,Tucker Beathard
Be Right There,Diplo
Fix,Chris Lane
Through It All,From Ashes to New
Genghis Khan,Miike Snow
White Iverson,Post Malone
X,Metro Boomin
Love Myself,Hailee Steinfeld
Running Out,Matoma
Gangsta,Kehlani
Dessert,Dawin
No Problem,Chance the Rapper
Jolene,Pentatonix
Until The World Goes Cold,Trivium
Switchblade,Holy White Hounds
Ain't No Stopping Us Now,Big Daddy Kane
Money Longer,Lil Uzi Vert
Black Honey,Thrice
Pick Any Small Town,Josh Gallagher
Soundcheck,Catfish and the Bottlemen
My Church,Maren Morris
In Chains,Shaman’s Harvest
Uber Everywhere,MadeinTYO
Ain't Nobody (Loves Me Better),Felix Jaehn
Unlove You,Jennifer Nettles
Borro Cassette,Maluma
11:11,Dinosaur Pile‐Up
One Night,Lil Yachty
Reality - Radio Edit,Lost Frequencies
Gold,Kiiara
Life Itself,Glass Animals
Thy Will,Hillary Scott & The Scott Family
Falling,Trent Harmon
The Eagle Has Landed,Avatar
That's All I Need,Dirty Freek
Ginza,J Balvin
Brazil,Declan McKenna
Picky,Joey Montana
Gone,JR JR
"Wat U Mean (Aye, Aye, Aye)",Dae Dae
Body,Dreezy
First,Cold War Kids
Watch Me,Silentó
Cheerleader,OMI
Buy Me A Boat,Chris Janson
Where Are Ü Now,Skrillex
Fight Song,Rachel Platten
Worth It,Fifth Harmony
"Honey, I'm Good.",Andy Grammer
Smoke,A Thousand Horses
Nasty,Bandit Gang Marco
S.O.B.,Nathaniel Rateliff & The Night Sweats
Love You Like That,Canaan Smith
Locked Away,R. City
Somebody,Natalie La Rose
2 Heads,Coleman Hell
Nasty Freestyle,T-Wayne
Long Way Down,Robert DeLong
Bet You Can't Do It Like Me,IamDLOW
Take It Back,The Temperance Movement
Boyz-N-The Hood,Eazy‐E
Mona Lisa Smile,Wolf Alice
Classic Man,Jidenna
When I'm Gone,Joey + Rory
Ex's & Oh's,Elle King
Become The Enemy,Like a Storm
The Hanging Tree,James Newton Howard
Trailer Hitch,Kristian Bush
Backroad Song,Granger Smith
Tuesday,iLoveMakonnen
Hit the Quan,iLoveMemphis
Sedona,Houndmouth
Dancing On Nails,We Are Harlot
Don't Wanna Fight,Alabama Shakes
Soldier,Damien
Electric Love,BØRNS
Budapest,George Ezra
Somebody New,Joywave
Yoga,Janelle Monáe
Hearts I Leave Behind,Pete Scobell Band
The Climb,Zach Seabaugh
Here,Alessia Cara
Sorry,Meg Myers
Rude,MAGIC!
Stolen Dance,Milky Chance
Am I Wrong,Nico & Vinz
2 On,Tinashe
Take Me to Church,Hozier
Boom Clap,Charli XCX
It's About Time,The Young Gods
Me and My Broken Heart,Rixton
Waves,Mr. Probz
The Worst,Jhené Aiko
Room To Breathe,You Me at Six
Wake Me Up,Gareth Malone's All Star Choir
Tsunami (Jump),DVBBS
Sunlight,The Magician
Something I Need,Ben Haenow
Prayer in C,Lilly Wood & The Prick
My Love,Route 94
I Wanna Feel,Secondcity
I Have Nothing,Tessanne Chin
Ghost,Ella Henderson
Do They Know It's Christmas?,Band Aid 30
We Might Be Dead By Tomorrow,SoKo
Wasted,Tiësto
You Got It All,Union
Ride,SoMo
Beggin For Thread,Banks
They Don't Know,Rico Love
One For The Money,Escape the Fate
24 Hours,Teeflii
Take The Bullets Away,We as Human
Touch,Shift K3Y
The Mother We Share,CHVRCHΞS
Faded,ZHU
Changes,Faul & Wad
Made Me,Snootie Wild
Bump & Grind 2014,Waze & Odyssey
You Sound Good To Me,Lucy Hale
Wild Life,Jack & Jack
Cardiac Arrest,Bad Suns
Trainwreck 1979,Death From Above
Ready for Your Love,Gorgon City
Dangerous,Big Data
Lullaby,Professor Green
U Guessed It,OG Maco
Weekend,Priory
Braveheart,Neon Jungle
Take Me Home,Cash Cash
Million Pound Girl (Badder Than Bad),Fuse ODG
Got No Fans,The Wealdstone Raider
Black Roses,Clare Bowen
2AM.,Adrian Marcel
Harlem Shake,Baauer
Vilify,Device
I Love It,Icona Pop
Let Her Go,Passenger
Say Something,A Great Big World
Lolly,Maejor
Safe and Sound,Capital Cities
From Can To Can't,Dave Grohl
It Won't Stop,Sevyn Streeter
All Gold Everything,Trinidad James
Cups (Pitch Perfect's When I'm Gone),Anna Kendrick
The Fox,Ylvis
Love Me Again,John Newman
Don't Drop That Thun Thun!,Finatticz
Animals,Martin Garrix
Howl,Beware of Darkness
La La La,Naughty Boy
Get Up (Rattle),Bingo Players
Look Right Through,Storm Queen
Hurricane,MS MR
Wop,J. Dash
Let's Get Ready to Rhumble,PJ & Duncan
Elephant,Tame Impala
Skyscraper,Sam Bailey
Grandpa (Tell Me 'Bout The Good Old Days),Danielle Howle
So Good to Me,Chris Malinchak
"Fire, Fire",Heaven’s Basement
Ding-Dong! The Witch Is Dead,Harold Arlen
Who Booty,John Hart
23,Mike WiLL Made‐It
Could It Be,Charlie Worsham
San Francisco,The Mowgli’s
Hero,Family of the Year
American Beautiful,The Henningsens
How Could I Want More,Jamie Lynn Spears
Sonnentanz (Sun Don't Shine),Klangkarussell
Jubel,Klingande
Tightrope,I Walk the Line
What Do You Say,CHARCOAL FILTER
Reload,Sebastian Ingrosso
Recovery,Frank Turner
Somebody That I Used to Know,Gotye
Call Me Maybe,Carly Rae Jepsen
Don't You Worry Child,Swedish House Mafia
Too Close,Alex Clare
UP!,LoveRance
Drank In My Cup,Kirko Bangz
Take A Walk,Passion Pit
I Like It,Foxy Shazam
We Come Running,Youngblood Hawke
Next to Me,Emeli Sandé
Brokenhearted,Karmin
Beneath Your Beautiful,Labrinth
Love And War,Tamar Braxton
Did It For The Girl,Greg Bates
45,The Gaslight Anthem
Curl Of The Burl,Mastodon
Heatwave,Wiley
Bom Bom,Sam and the Womp
Jump Into The Fog,The Wombats
Home Sweet Home,The Farm
Snap Backs & Tattoos,Driicky Graham
Headlights,Morning Parade
Young,Tulisa
The Power of Love,Gabrielle Aplin
Twilight,Cover Drive
"He Ain't Heavy, He's My Brother",The Justice Collective
Want U Back,Cher Lloyd
Race You To The Bottom,New Medicine
Sleep Alone,Two Door Cinema Club
Wanna Make You Love Me,Andy Gibson
America,Deuce
Panic,Sublime with Rome
Fly Together,Red Café
Mr Saxobeat,Alexandra Stan
Racks,YC
"Tonight, Tonight",Hot Chelle Rae
New Low,Middle Class Rut
Wishing On a Star,The X Factor Finalists 2011
Lighters,Bad Meets Evil
Whirring,The Joy Formidable
Midnight City,M83
From A Table Away,Sunny Sweeney
I follow rivers,Lykke Li
In The Dark,DEV
Lipstick,Jedward
4evermore,Anthony David
She Makes Me Wanna,JLS
Yonkers,"Tyler, the Creator"
Promises,Nero
Good Night,Reece Mastin
Georgia Clay,Josh Kelley
Holocene,Bon Iver
This Is Why We Fight,The Decemberists
Porn Star Dancing,My Darkest Days
Mountain Man,Crash Kings
Stereo love,Edward Maya
We No Speak Americano,Yolanda Be Cool
Whip My Hair,WILLOW
Billionaire,Travie McCoy
Impossible,Shontelle
Wavin' Flag,K’naan
What Do You Want From Me?,Adam Lambert
Everybody Hurts,Helping Haiti
When We Collide,Matt Cardle
Live like we're dying,Kris Allen
Pray For You,Jaron and the Long Road to Love
Barbra Streisand,Duck Sauce
You're The One,Dondria
Heroes,The X Factor Finalists 2010
Crossfire,Brandon Flowers
Hold You (Hold Yuh),Gyptian
Letters From The Sky,Civil Twilight
Over the Rainbow,Israel Kamakawiwoʻole
The High Road,Broken Bells
Hope She Cheats On You (With A Basketball Player),Marsha Ambrosius
Satellite,Lena
New Fang,Them Crooked Vultures
Dirtee Disco,Dizzee Rascal
Shout,Shout for England
What's Not To Love,Dwele
Giddy On Up,Laura Bell Bundy
Teach Me How To Dougie,Cali Swag District
Ready To Start,Arcade Fire
Best Song Ever,Katie Armiger
